ResponseId,Q409,eBMRQ_total,BMRQ_emotion,BMRQ_sensorimotor,BMRQ_moodreg,BMRQ_musicseek,BMRQ_socialreward,BMRQ_absorption,Gold_total,Gold_activeengagement,Gold_perceptualabilities,Gold_musicaltraining,Gold_singingabilities,Gold_emotion,Gold_musicalsophistication,AIMS_total,PASS_total,PASS_sex,PASS_eating,PASS_touch,PASS_feeling,PASS_sound,PASS_vision,PASS_movement,PASS_temperature,PASS_general,PASS_smell,PASS_noaud
R_10BZYeX3XO3OsF4,Yanny,88,16,14,16,12,15,15,4.052631579,4.666666667,4.444444444,3.428571429,3.166666667,4.833333333,3.333333333,123,29,1,4,7,0,3,4,6,1,1,2,26
R_12s4n0snYp9PS03,Yanny,89,18,13,17,13,15,13,4.105263158,4,4.444444444,2.142857143,6.166666667,4.666666667,4.055555556,127,34,4,5,3,0,6,6,6,1,1,2,28
R_12Sr81cOotEDG2l,Yanny,59,11,5,12,11,12,8,3,1.888888889,4.888888889,1,2.833333333,4.833333333,1.888888889,51,19,1,1,3,0,8,2,2,0,0,1,11
R_13sbBbAoAGA5IZP,Yanny,116,18,20,20,20,20,18,5.736842105,5.777777778,6.222222222,4.714285714,6.166666667,6.666666667,5.777777778,139,6,0,0,2,0,2,1,1,0,0,0,4
R_18MY83R5ZFoyBO0,Yanny,65,10,6,14,11,14,10,3,2.777777778,4.333333333,3,2,2.833333333,2.666666667,72,33,1,3,6,0,5,10,3,3,0,1,28
R_1Alb56QjvuZVK13,Yanny,84,14,13,15,12,15,15,4.184210526,4.222222222,4.222222222,3.428571429,5.666666667,4.166666667,4.222222222,122,29,2,3,2,0,7,5,5,3,1,0,22
R_1atqIMMLzIB04Gg,Yanny,94,17,17,18,14,14,14,4.026315789,3.444444444,5.555555556,2.142857143,5.166666667,4.333333333,3.611111111,94,25,1,3,5,1,5,3,2,2,0,2,20
R_1c10gmQGXEnKg69,Laurel,98,19,20,17,8,17,17,4.236842105,2.444444444,5.111111111,3.285714286,5.5,6.166666667,3.888888889,125,2,1,0,0,0,1,0,0,0,0,0,1
R_1d5O9IKNCEovoeF,Yanny,109,19,20,17,15,20,18,4.842105263,4.888888889,4.333333333,5.285714286,6.166666667,4.5,5.222222222,146,8,0,1,0,0,1,2,1,2,0,1,7
R_1dsBNrJxeq54NfU,Yanny,105,20,17,20,17,15,16,4.289473684,4,5.444444444,4.142857143,2,6.166666667,2.944444444,120,9,1,0,3,0,2,0,0,1,0,1,7
R_1dtzGlP9q0sveOn,Yanny,88,20,19,16,9,9,15,3.736842105,2.111111111,5.333333333,1.428571429,5.166666667,5.666666667,3.166666667,108,23,1,3,4,1,3,1,4,2,1,2,20
R_1dXPwlOpDGhHfed,Laurel,94,18,18,17,13,12,16,3.578947368,2.555555556,5.111111111,1.142857143,3.5,6.333333333,2.222222222,121,7,0,0,1,0,3,1,0,2,0,0,4
R_1EBcfBQ6h6VUx4S,Laurel,98,20,15,20,16,16,11,4.289473684,2.444444444,6.333333333,3,4,6.5,3.555555556,106,5,0,0,3,0,2,0,0,0,0,0,3
R_1EjdT9ode7Le3IJ,Yanny,113,20,18,20,17,20,18,5.631578947,5.777777778,5.666666667,3.428571429,7.5,7,5.333333333,142,8,2,1,1,0,3,1,0,0,0,0,5
R_1f3YO7udYXGlVzV,Laurel,81,16,14,16,11,11,13,3.526315789,2.222222222,5.111111111,1.428571429,4.666666667,5,2.777777778,104,9,1,0,1,0,4,1,0,2,0,0,5
R_1f9sT6FeIWyRxYg,Yanny,67,12,16,16,10,9,4,2.947368421,1.111111111,4.555555556,1,4.5,4.5,2.277777778,41,8,0,0,4,1,3,0,0,0,0,0,5
R_1fqR3OeGuqE3jcC,Laurel,82,14,13,16,14,14,11,3.789473684,3.222222222,4.555555556,3.142857143,3.666666667,5,3.5,92,8,1,1,2,0,1,1,1,0,0,1,7
R_1FxqglmxK3yJkwp,Yanny,98,20,18,20,13,18,9,3.973684211,3.777777778,3.666666667,2,5.166666667,6.5,3.555555556,97,13,3,1,2,1,3,1,1,1,0,0,10
R_1g7kKGpL4ZMGfxe,Yanny,80,18,10,13,11,14,14,3.736842105,2.333333333,4.888888889,1.857142857,4.833333333,5.833333333,3.277777778,97,16,0,1,5,0,4,0,2,3,0,0,12
R_1GeoYKOOlj3WsMJ,Yanny,89,20,17,17,13,16,6,4.289473684,3,5.777777778,1.857142857,5.166666667,6.666666667,3.666666667,79,19,4,2,2,1,2,1,5,0,1,0,17
R_1gLsYa56F7t4qpx,Yanny,114,20,20,20,18,20,16,6.157894737,5.444444444,7,4.285714286,8.333333333,7,6.222222222,150,4,1,0,1,0,2,0,0,0,0,0,2
R_1HoafWuz0HdTe3y,Laurel,81,16,16,15,9,14,11,4,3,6.222222222,1.142857143,4.5,5.666666667,3,101,5,0,0,1,0,1,1,0,2,0,0,4
R_1ILvC1s2YU34dEm,Yanny,86,14,13,16,16,14,13,4.631578947,4.777777778,5.111111111,3.857142857,4.5,5.5,4.555555556,106,8,0,0,4,0,2,0,1,0,0,1,6
R_1JKG2eWdldOTdze,Yanny,59,9,8,18,10,4,10,NA,2.555555556,3.888888889,NA,3.666666667,4.5,NA,77,27,2,5,7,1,5,3,1,3,0,0,22
R_1jYyd5SBIqUPLmZ,Laurel,82,15,12,17,16,11,11,3.815789474,4.222222222,4.666666667,1.714285714,3.666666667,5.166666667,3.555555556,83,15,1,1,3,0,6,1,1,1,0,1,9
R_1MnnqwoG3lHCfQd,Yanny,111,20,17,20,18,16,20,4.210526316,3.666666667,5.444444444,2,5.166666667,5.5,4.222222222,147,13,3,2,2,0,3,1,1,1,0,0,10
R_1N1YGFYeQiNtTaA,Laurel,93,14,16,17,14,13,19,5.394736842,3.555555556,6.555555556,5.857142857,6.666666667,5.5,5.333333333,135,10,0,0,5,0,2,0,0,2,0,1,8
R_1NxIWvuevalKD9X,Yanny,86,16,17,13,17,15,8,3.973684211,3.888888889,4.777777778,2.571428571,3.5,5.666666667,3.222222222,87,5,1,0,3,0,0,1,0,0,0,0,5
R_1pLUbCnGqPh4NMd,Yanny,90,17,15,17,12,16,13,4.921052632,2.777777778,6.444444444,4,6.666666667,6,4.833333333,101,5,0,1,1,0,1,0,0,1,0,1,4
R_1pndZePK7Ivqike,Yanny,94,12,20,19,16,12,15,3.605263158,3.333333333,4.222222222,1,5.333333333,5,2.777777778,125,11,0,0,2,0,3,2,2,2,0,0,8
R_1RmeEcGhdlKMvyc,Laurel,89,17,12,16,16,17,11,3.815789474,4.222222222,4,3.142857143,4.833333333,3.333333333,3.611111111,94,30,0,3,4,0,7,5,6,2,0,2,23
R_1s6zyk7GFlHKhfi,Yanny,90,15,19,18,15,16,7,4.315789474,3.444444444,6.111111111,2.428571429,4.666666667,5.5,3.833333333,96,5,1,0,2,0,1,0,0,0,0,0,4
R_1SGgVsTz2paXa40,Yanny,76,14,9,19,12,16,6,4.289473684,2.444444444,5.333333333,4.142857143,6,4.666666667,4.333333333,52,22,0,1,6,0,2,5,4,2,1,1,20
R_1StoQRCMl3v70J3,Yanny,85,18,19,18,7,12,11,2.526315789,1.333333333,4.111111111,1,2.833333333,3.833333333,1.666666667,88,14,0,4,3,1,2,1,3,0,0,0,12
R_1TZQPMzP4mtp2H1,Yanny,108,20,18,19,15,17,19,4.263157895,3.333333333,6.111111111,1.714285714,5.333333333,5.5,3.444444444,141,11,1,1,4,1,1,1,0,0,0,1,10
R_1usPeXpRHafzrz2,Laurel,70,14,10,15,13,9,9,4.105263158,3.222222222,4.888888889,2.714285714,5.5,5.166666667,3.5,79,4,1,1,1,0,0,0,0,1,0,0,4
R_1W0YsI7mCJ8oajv,Yanny,91,12,15,19,17,14,14,4.421052632,4.222222222,4.777777778,3.285714286,6,4.666666667,4.222222222,106,19,3,1,4,0,3,1,3,2,1,1,16
R_1w5LXcF5tqyYn9T,Yanny,88,16,15,15,10,17,15,2.894736842,1.777777778,3.555555556,2.428571429,2.666666667,4.833333333,2.5,113,6,1,0,1,0,2,1,0,1,0,0,4
R_1wOzxO4P7UjocQ9,Laurel,85,17,10,16,12,15,15,4.236842105,4.111111111,5.222222222,3,3.5,5.833333333,3.222222222,118,11,1,1,3,0,3,1,1,0,0,1,8
R_1X1EAaqm1yZtbyp,Yanny,88,15,19,12,13,15,14,4.842105263,3.888888889,5.555555556,5.428571429,5,5.166666667,4.611111111,90,6,1,1,1,0,1,0,1,0,0,1,5
R_1zUeZwvRglDagcs,Yanny,103,15,17,19,20,14,18,4.605263158,4.555555556,5.888888889,2.142857143,4.333333333,6.666666667,3.5,139,18,1,0,3,0,3,3,3,3,0,2,15
R_20M98QLZHEKu2JS,Yanny,102,20,15,19,15,18,15,5.815789474,4.555555556,6.888888889,4.714285714,7.5,6.666666667,5.666666667,110,3,0,0,2,0,0,0,0,0,0,0,3
R_20P4SLpah30OuBH,Yanny,96,16,14,18,17,15,16,4.552631579,4.555555556,5.444444444,1.428571429,5.833333333,6.333333333,4.055555556,154,14,1,4,3,0,1,1,2,1,0,0,13
R_20xhdffJfTof69q,Yanny,89,20,19,10,13,10,17,2.184210526,2,1.888888889,1,1.666666667,5.166666667,1.333333333,115,9,1,1,2,0,2,2,1,0,0,0,7
R_21bX8xvUt03ihou,Yanny,115,20,19,20,17,20,19,5.447368421,4.444444444,6.777777778,4.714285714,5.833333333,6.333333333,5.333333333,146,13,1,1,4,1,1,1,3,0,0,0,12
R_21LtWVjbniwTgiu,Laurel,96,16,15,19,15,18,13,4.684210526,4.111111111,6.333333333,1.714285714,6,6,4.444444444,115,16,1,1,1,1,3,5,2,0,1,1,13
R_22CPQDqh4jLdui5,Yanny,82,12,12,17,17,14,10,4.789473684,5.555555556,6.111111111,2.857142857,5.333333333,4.166666667,4.333333333,123,13,1,1,4,0,4,1,2,0,0,0,9
R_22Qo2UjfD2wX1cD,Yanny,104,19,19,19,15,14,18,3.657894737,3.666666667,5,1,2.666666667,6.333333333,2.444444444,135,0,0,0,0,0,0,0,0,0,0,0,0
R_267ucuTUaRhjKLf,Laurel,47,8,8,10,8,7,6,2.236842105,1,4,1,1.833333333,3.666666667,1.444444444,44,26,2,5,5,0,6,1,2,3,1,1,20
R_27vruB3cuvIOtPG,Laurel,74,18,9,17,8,12,10,2.763157895,1.666666667,5,1,1.666666667,4.666666667,1.111111111,91,13,1,1,2,0,3,2,1,2,0,1,10
R_28w7QhHafMD5l0B,Yanny,97,20,11,20,14,13,19,3.868421053,3.111111111,5.777777778,1,3.666666667,6.333333333,2.388888889,147,22,4,0,6,0,3,1,5,1,1,0,19
R_2AJKtdiNdjmyceZ,Yanny,103,20,15,20,20,12,16,5.368421053,5.444444444,6.222222222,5.285714286,5,5.333333333,5.222222222,129,23,3,0,7,0,4,3,2,3,0,1,19
R_2amEfEg6T23UDF3,Laurel,66,13,13,16,7,9,8,2.868421053,1.333333333,4.888888889,1.142857143,4.166666667,3.333333333,2.333333333,56,18,3,0,4,0,5,3,1,1,0,0,13
R_2BmTr2Ml8qlOJWo,Laurel,91,12,15,18,16,16,14,3.763157895,4.222222222,4.888888889,1.857142857,3.166666667,4.833333333,3,131,12,0,3,3,0,3,0,3,0,0,0,9
R_2BYucmZUmNYTS4s,Laurel,98,12,17,19,18,14,18,4.789473684,5.555555556,5.444444444,2.857142857,6.5,4,4.777777778,141,15,3,3,1,0,2,1,2,2,0,0,13
R_2ckGmXvm0F2EpKV,Yanny,109,19,17,20,17,19,17,4.868421053,5.555555556,4.888888889,4.142857143,4.166666667,6.166666667,4.222222222,136,13,1,1,3,1,2,1,4,0,0,0,11
R_2CUiuUZ0dc5t5kf,Yanny,81,13,18,16,12,12,10,2.631578947,2.111111111,4,1.714285714,1.833333333,3.666666667,1.666666667,97,23,3,0,5,0,5,2,5,1,1,1,18
R_2CWanztdtyagOx7,Laurel,102,20,18,18,13,17,16,5.473684211,3.444444444,6.666666667,5.142857143,7.166666667,6.333333333,5.222222222,127,11,2,0,4,0,0,4,1,0,0,0,11
R_2czK73EChKLYWNM,Yanny,110,18,20,20,20,15,17,5.684210526,5,6.777777778,3.428571429,7.5,6.833333333,5.222222222,128,15,1,3,1,0,3,3,1,2,0,1,12
R_2djdaXaS34NcI7L,Laurel,114,20,20,20,17,18,19,5.973684211,5.333333333,7,3.857142857,8,6.833333333,5.5,149,3,0,1,0,0,1,1,0,0,0,0,2
R_2ebpd8VjdNGNM8K,Yanny,113,20,20,19,16,20,18,4.263157895,3.777777778,5.444444444,1.714285714,5.333333333,5.833333333,3.5,145,8,1,0,0,0,2,2,1,2,0,0,6
R_2EiWxuLcHnAhamf,Yanny,108,18,20,17,19,17,17,4.526315789,4.111111111,5.555555556,2.285714286,5.833333333,5.666666667,3.888888889,127,3,1,0,0,0,2,0,0,0,0,0,1
R_2eOSrhANOO2KtGY,Yanny,90,16,15,20,16,10,13,2.552631579,2.888888889,3.333333333,1,1.666666667,4,1.722222222,112,23,3,1,6,0,5,2,4,0,1,1,18
R_2eQVfyQcg5lrUs1,Laurel,79,13,11,18,12,11,14,2.894736842,3.333333333,3,1,2.666666667,5,1.833333333,91,20,1,1,6,0,4,1,4,2,0,1,16
R_2ErOS2tutw1GydG,Yanny,69,17,11,17,9,9,6,3.921052632,1.777777778,5.888888889,2.714285714,4.166666667,6,3.111111111,84,29,3,3,5,0,5,5,4,2,1,1,24
R_2fdTCg4LhhJUAFu,Yanny,111,17,20,20,14,20,20,4.210526316,4.444444444,5.666666667,1,4,6.333333333,3.277777778,162,8,2,2,0,0,0,0,1,1,0,1,8
R_2fKaIo5f1HG44vZ,Laurel,107,19,17,19,18,18,16,4.763157895,4.555555556,4.888888889,2.714285714,6.5,6.333333333,4.111111111,129,11,0,3,2,0,2,3,0,0,0,1,9
R_2fplssaBZ6SXBBh,Laurel,103,16,17,20,15,20,15,4.789473684,4,5.666666667,4,5.166666667,6,4.388888889,128,6,3,0,0,0,1,0,0,2,0,0,5
R_2fvof4n9X8YQXKC,Yanny,112,20,20,20,16,16,20,3.5,3,3.777777778,2.571428571,2.833333333,6.166666667,2.555555556,158,25,2,4,1,0,7,2,4,3,1,0,18
R_2G9RH6O8Eg9WXaY,Yanny,82,16,8,16,14,13,15,3.289473684,3.666666667,2.888888889,3,2.166666667,5.333333333,2.388888889,110,11,2,1,1,0,2,0,3,2,0,0,9
R_2gbiibdTj1ORwBt,Yanny,80,17,13,15,7,13,15,3.263157895,2,5.555555556,2.142857143,2.333333333,4.5,2,84,11,1,3,0,0,4,0,1,2,0,0,7
R_2gcMoTQBauwRrGk,Yanny,79,15,11,16,13,13,11,3.131578947,2.777777778,4.444444444,1,2.5,5.333333333,2.277777778,86,10,0,1,3,0,3,0,1,2,0,0,7
R_2gqghQJyisq9Bs3,Laurel,95,18,15,19,15,15,13,3.842105263,3.777777778,5.555555556,1,3.333333333,5.833333333,3.055555556,109,13,1,1,6,1,1,0,3,0,0,0,12
R_2Gs103UU5dbmPMn,Laurel,72,17,8,13,10,14,10,3.447368421,2.888888889,4.777777778,2.571428571,2,5.333333333,2.555555556,83,15,0,0,4,0,5,2,4,0,0,0,10
R_2GV0pTM2OfBz2Gv,Yanny,94,16,14,20,16,14,14,4.552631579,4.333333333,5.444444444,3.571428571,4,6,3.888888889,123,16,2,0,3,0,5,3,2,0,0,1,11
R_2H60K0kpgApeJ3x,Yanny,94,14,16,19,17,13,15,4.394736842,3.666666667,4.666666667,1.857142857,7.166666667,6,4,122,9,2,2,1,0,2,1,0,0,0,1,7
R_2HdTHu3Xknfqqjv,Yanny,98,20,15,16,11,18,18,4.657894737,2.888888889,6,4.285714286,5.166666667,6,4.111111111,128,8,1,0,4,0,1,0,0,2,0,0,7
R_2hFZpyjTJ9JyeZz,Yanny,102,20,19,18,16,16,13,4.894736842,4.222222222,6,4.142857143,4.333333333,6.5,4.444444444,96,9,0,0,4,0,1,0,0,3,0,1,8
R_2HiSPSsuXAX24yV,Yanny,85,12,14,14,16,14,15,4.184210526,4.888888889,4.333333333,3.142857143,5.5,3.5,3.944444444,120,18,0,2,2,0,4,3,4,1,1,0,14
R_2hyB4KcKSJoQ5YO,Laurel,96,20,15,20,15,11,15,4.394736842,4.222222222,5.666666667,2.285714286,3.666666667,6.666666667,3.722222222,110,9,3,0,1,0,1,1,2,0,0,1,8
R_2J4TM4rgbzn8wZj,Laurel,38,6,11,6,7,4,4,2.526315789,1.222222222,4.555555556,1,3.5,2.666666667,2,37,27,0,1,9,1,6,2,4,2,0,1,21
R_2j800lDgQTZkf8a,Laurel,93,18,17,18,12,14,14,3.526315789,2.888888889,4.666666667,2,3.166666667,5.5,2.666666667,104,12,2,2,5,0,1,0,0,0,0,1,11
R_2jckm6GCvCsmsAR,Yanny,88,16,16,15,11,14,16,4.763157895,3.666666667,6,2.714285714,7,5.5,4.555555556,129,9,1,1,4,0,1,1,0,0,0,1,8
R_2jfzIwoBTjTgCad,Yanny,85,16,18,19,12,11,9,2.921052632,2.666666667,4.444444444,1,2.666666667,4,2.055555556,71,12,0,1,2,1,3,0,2,2,0,1,9
R_2jPrx7359D3192E,Laurel,83,12,15,16,12,15,13,4.368421053,3.444444444,5.333333333,3.142857143,5.666666667,5.166666667,4.055555556,101,5,1,1,1,0,0,0,0,2,0,0,5
R_2JUWVkAdCsUfCPR,Laurel,101,18,20,17,15,16,15,5,3.888888889,6.111111111,3.857142857,6.166666667,6,4.944444444,125,7,0,1,3,0,1,1,0,1,0,0,6
R_2kdCC6IUIs9Ecqp,Yanny,70,12,14,13,9,14,8,3.394736842,2.333333333,5.111111111,1.714285714,4.166666667,4.166666667,2.444444444,70,16,2,0,3,0,6,2,1,1,0,1,10
R_2KpHkF8SYsEbq2Q,Laurel,47,7,5,12,5,12,6,2.868421053,1.222222222,5.333333333,1.142857143,3.166666667,3.833333333,2.111111111,49,25,2,5,2,1,6,3,3,2,0,0,19
R_2kpJa0B3wRWMX2u,Laurel,78,13,11,20,15,14,5,4.342105263,1.888888889,7,2.571428571,4.333333333,6.833333333,3.611111111,51,8,1,1,0,0,3,0,3,0,0,0,5
R_2mepBWAWKsoEZMt,Yanny,87,15,11,17,16,16,12,4.131578947,5.444444444,4,2,4.5,5.166666667,3.277777778,101,10,1,2,2,0,0,1,2,1,0,1,10
R_2NDmHkqeu2vYFc5,Yanny,66,15,7,17,12,8,7,2.947368421,1.666666667,5,1,2.166666667,5.333333333,1.777777778,48,25,2,1,3,1,7,3,5,2,0,1,18
R_2NPnlueI902e9e9,Laurel,67,12,12,12,12,11,8,3.842105263,2.555555556,4.333333333,3.857142857,5.833333333,3.666666667,3.555555556,88,28,2,5,7,0,4,4,3,1,1,0,24
R_2O7U8TTCc96VLTo,Laurel,102,18,20,20,16,18,10,5.5,5.111111111,6.333333333,4,6.666666667,6.333333333,5.111111111,106,2,0,0,0,0,2,0,0,0,0,0,0
R_2oqe7nciAyh9tDj,Laurel,105,20,18,20,17,17,13,4.894736842,5.333333333,4.666666667,2.857142857,6,6.666666667,4.222222222,136,9,0,0,3,1,1,0,2,2,0,0,8
R_2pm6gD0CNfOsUuk,Laurel,70,20,10,10,8,12,10,2.263157895,1,3,1,2.166666667,5,1.333333333,76,14,1,2,0,1,5,0,4,0,0,0,9
R_2pnjMQPBEsd12uD,Yanny,85,14,17,18,15,12,9,3.421052632,3.111111111,4.888888889,1,3.5,5,2.333333333,74,17,1,1,4,1,3,1,3,2,0,1,14
R_2PUJotepm0EDPNN,Yanny,47,14,6,9,5,5,8,3.315789474,1.333333333,5.666666667,2,4.166666667,4,2.666666667,58,23,3,3,3,1,5,2,3,0,0,2,18
R_2pxvWcTGN3gWHEl,Laurel,83,15,13,17,12,14,12,3.315789474,2,3.444444444,3.857142857,3.833333333,4.5,2.888888889,100,15,1,1,1,0,5,3,2,0,0,1,10
R_2qeY1aKEyn5yFtJ,Yanny,95,16,13,19,17,17,13,4.368421053,4.555555556,5.111111111,1.571428571,6,5.333333333,3.833333333,130,20,0,2,3,0,6,2,4,1,1,1,14
R_2Qs9iWNMlBIzn3z,Laurel,60,7,13,10,12,8,10,3.315789474,3.333333333,3.777777778,2.142857143,4.5,3.333333333,3.055555556,82,24,2,2,4,0,6,5,3,1,0,0,18
R_2qu3VDKwPY7uEcV,Laurel,80,16,14,17,13,9,11,3.368421053,3.444444444,4.222222222,1.142857143,2.833333333,5.666666667,2.166666667,108,19,4,1,2,1,5,1,1,2,1,0,14
R_2Qygp9EelcX7x8k,Yanny,98,15,12,18,16,19,18,5.473684211,5.222222222,5.777777778,4.714285714,7.5,5.166666667,5.277777778,129,10,1,2,3,0,3,1,0,0,0,0,7
R_2RjcTmbanw8z6hz,Laurel,76,10,19,16,13,13,5,2.842105263,1.777777778,4.333333333,2.142857143,3.166666667,3.166666667,2.166666667,69,5,0,0,2,0,1,0,2,0,0,0,4
R_2rvHhslfj3u4g6O,Yanny,110,18,18,19,19,20,16,4.157894737,4.111111111,4.333333333,2.285714286,6,5,4.166666667,136,10,0,3,1,0,2,1,1,0,1,0,8
R_2RVUQypE3DeUkL5,Laurel,106,19,19,20,16,17,15,4.157894737,3.555555556,6,3,3.166666667,5.333333333,3.388888889,113,12,0,0,5,0,3,2,0,1,0,1,9
R_2shymaO0Q94c7S9,Laurel,65,17,5,17,11,9,6,2.026315789,1.555555556,2.444444444,1,1.666666667,4,1,70,13,1,0,2,0,5,1,2,2,0,0,8
R_2tKY8AxKQ4szkJn,Laurel,109,20,20,20,15,14,20,4.447368421,3.444444444,5.666666667,1.428571429,5.833333333,7,3.722222222,158,5,0,2,0,0,1,1,1,0,0,0,4
R_2UqRv9D2exjNftT,Yanny,113,20,20,20,17,18,18,5.026315789,4.555555556,6.666666667,1.857142857,6.166666667,6.666666667,4,150,1,1,0,0,0,0,0,0,0,0,0,1
R_2V9hxQtmSJYwRyg,Yanny,83,11,10,18,15,13,16,2.552631579,2.444444444,3,1.714285714,2,4,1.5,104,21,0,1,3,0,4,3,6,2,0,1,17
R_2V9N9zFATidhWMN,Yanny,107,18,17,18,18,19,17,4.921052632,5,5,5,3.833333333,6.5,4.888888889,128,3,0,0,1,0,1,0,0,0,0,1,2
R_2Vbx0lsUlKO4zPr,Yanny,92,10,20,18,15,14,15,3.894736842,4.555555556,3.888888889,2.571428571,3.833333333,5.166666667,3.055555556,103,4,0,1,2,0,1,0,0,0,0,0,3
R_2wHalnKxf9towbj,Yanny,91,18,10,19,13,13,18,5.526315789,5,6.888888889,5.142857143,4.5,6.666666667,4.944444444,133,11,2,2,3,0,3,0,1,0,0,0,8
R_2Wx3O1pEXReiQOh,Laurel,58,13,5,9,9,10,12,3.578947368,2.111111111,5.777777778,2,3.166666667,5.333333333,2.666666667,85,14,0,0,4,0,5,1,1,1,0,1,9
R_2Y0FGFIIlQOWtB7,Yanny,109,19,20,20,19,17,14,5.473684211,5.666666667,5.888888889,3.571428571,6.833333333,6.333333333,5.388888889,109,8,1,0,1,1,1,0,1,2,0,0,7
R_2y7qxbuwjS1eSIA,Yanny,84,13,14,15,18,12,12,4.210526316,3.888888889,5.111111111,2.142857143,5.666666667,5,3.722222222,104,14,3,0,2,0,4,1,1,2,0,1,10
R_2zClipY4ifLOrrk,Yanny,95,17,19,18,14,15,12,4.184210526,4,4.444444444,2.857142857,5,5.5,3.277777778,115,18,3,1,3,1,4,2,2,2,0,0,14
R_2zkF5ejb8s3PsMM,Laurel,98,20,20,20,15,12,11,4.157894737,3.777777778,5.333333333,2.571428571,5.5,4.166666667,3.722222222,121,9,3,0,1,0,1,1,2,0,0,0,8
R_2zToeA7yNzBrO1U,Laurel,77,15,15,16,13,13,5,2.605263158,1.666666667,3.555555556,1.285714286,2.333333333,4.833333333,1.555555556,73,10,1,0,3,1,3,0,0,2,0,0,7
R_2ZUMDJQD5psP7vr,Yanny,99,20,14,20,15,18,12,5.473684211,3.888888889,5.888888889,5.571428571,7.5,6,5.222222222,117,16,2,0,3,1,3,0,5,2,0,0,13
R_30AxVcbNXbsZGAj,Laurel,102,18,19,20,17,14,14,3.447368421,4.777777778,3.222222222,1.571428571,3.166666667,4.833333333,2.777777778,120,17,0,6,3,0,3,2,1,1,0,0,14
R_30dxqGy3HOLwlAT,Yanny,114,20,20,20,15,20,19,5.315789474,5.222222222,5.222222222,4.571428571,7.166666667,5.5,5.055555556,159,10,0,2,1,0,3,0,2,1,0,1,7
R_30JmyviyooXgx6A,Laurel,80,15,15,16,12,12,10,3.447368421,2.777777778,4.888888889,1.571428571,4.166666667,4.333333333,2.722222222,91,22,1,2,4,0,6,1,3,3,1,1,16
R_31LHeD9D8uGULpn,Yanny,112,20,20,19,17,17,19,4.394736842,4.555555556,5.666666667,1.714285714,3.833333333,6.666666667,3.111111111,146,5,1,1,1,0,0,1,0,0,0,0,5
R_32lUa1NU74ooNej,Laurel,111,20,20,20,16,17,18,4.131578947,4.666666667,4,1.142857143,5.166666667,6.666666667,3.722222222,158,14,2,1,4,1,2,0,1,2,0,0,12
R_32QDPvDNbBJEWiy,Yanny,75,16,9,16,15,8,11,3.710526316,2.444444444,5.777777778,2.428571429,3.5,4.833333333,3.166666667,95,17,1,3,3,0,6,1,3,0,0,0,11
R_34Ej6A4wQyz1Oo1,Yanny,54,6,7,15,14,6,6,3.421052632,3,5.111111111,2.428571429,2.833333333,3.833333333,2.722222222,55,14,1,0,3,0,5,0,1,2,0,1,9
R_34GcjF78duDEIpf,Laurel,120,20,20,20,20,20,20,5.868421053,5.555555556,7,3.142857143,7.666666667,7,5.666666667,166,18,1,3,4,0,3,2,2,2,1,0,15
R_35AdQfLWSM6VxQg,Laurel,107,19,18,19,19,16,16,4.894736842,5.444444444,6,1.428571429,5.5,6.666666667,3.888888889,138,2,0,0,1,0,0,0,1,0,0,0,2
R_37XyOdUUymJQPfz,Yanny,96,19,16,18,14,12,17,4.289473684,3.888888889,5.333333333,1,5.833333333,6.333333333,3.222222222,137,10,0,3,2,0,3,0,1,1,0,0,7
R_3a8yLXQdoDn58TD,Yanny,62,14,20,5,9,5,9,2.473684211,1.111111111,5.111111111,1,2.666666667,2.5,1.666666667,49,22,1,0,4,0,6,1,6,3,1,0,16
R_3BMDIqi3f3VUdnb,Yanny,98,18,20,16,15,16,13,5.157894737,4.555555556,5.777777778,5,5.666666667,5.666666667,4.888888889,109,4,1,1,0,0,1,0,1,0,0,0,3
R_3Bo3qTuUl8gtBZm,Yanny,86,18,6,20,15,12,15,3.263157895,3.222222222,4.888888889,1.142857143,2,5.166666667,2.388888889,88,20,3,1,6,1,3,0,2,2,1,1,17
R_3C7TnbDC83ssGdP,Yanny,107,20,20,20,15,18,14,4.263157895,2.666666667,5.444444444,1,7.166666667,6.5,3.722222222,138,10,3,0,4,0,0,0,1,2,0,0,10
R_3Cl483dVOpQ4fTp,Yanny,92,13,19,20,16,12,12,4.236842105,3.777777778,5.888888889,1,4.833333333,6.333333333,3.611111111,108,15,1,0,6,1,1,0,3,2,0,1,14
R_3DBDRHAIuRDZ5s8,Laurel,91,13,16,18,17,12,15,3.868421053,3.444444444,4.777777778,1.857142857,5.5,4.5,3.611111111,123,13,2,0,2,1,3,1,1,2,0,1,10
R_3Eoae121FF4JEvl,Yanny,95,18,17,19,13,13,15,4.631578947,3.444444444,5.666666667,3,6.166666667,6,4.333333333,127,11,0,1,1,0,3,2,3,1,0,0,8
R_3fAntSgUdBR2jCx,Yanny,108,19,20,19,17,17,16,4.868421053,4.555555556,6,2.428571429,5.5,6.666666667,4.111111111,133,4,1,0,1,0,2,0,0,0,0,0,2
R_3FeNr1BnAkCEktb,Yanny,107,15,20,20,17,16,19,4.236842105,4.777777778,6.555555556,1.142857143,2.166666667,6.333333333,3.111111111,140,8,0,0,2,0,3,1,0,1,0,1,5
R_3fNSEQhjSeWpQAf,Yanny,68,4,12,12,12,13,15,2.894736842,2,4.888888889,1,3.333333333,3.5,2,87,13,0,2,5,0,2,1,0,2,0,1,11
R_3FRkEdhOHAj7LU2,Yanny,93,16,16,16,15,14,16,4.052631579,4.111111111,4.888888889,1.714285714,4.833333333,5.333333333,3.222222222,110,9,1,0,3,0,2,0,0,2,0,1,7
R_3fuGRxSxEVRjRVu,Yanny,100,20,17,20,19,16,8,5.052631579,5.444444444,6.888888889,1,5.666666667,6.666666667,4.388888889,95,5,0,1,1,0,2,0,1,0,0,0,3
R_3g25jImEAzrt1P2,Laurel,108,20,18,20,15,15,20,5.421052632,4.888888889,6.888888889,1.857142857,7.5,7,4.722222222,144,3,0,0,1,0,1,0,1,0,0,0,2
R_3g5BlJRANvrRVIu,Yanny,112,20,19,20,19,18,16,5.473684211,5.444444444,7,2.571428571,6.166666667,6.833333333,4.777777778,122,1,0,0,0,0,0,0,0,1,0,0,1
R_3GdGBXwe6OoULte,Laurel,107,18,15,20,14,20,20,4.394736842,4.777777778,4.111111111,3.857142857,5.5,4.5,4,147,27,1,3,4,1,4,6,4,1,1,2,23
R_3hcNxgFhd6VdcEH,Laurel,57,12,15,7,8,8,7,2.631578947,1,5.444444444,1,1.833333333,4,1.444444444,62,21,3,2,4,0,8,3,0,1,0,0,13
R_3iIrm62YJ12blkD,Yanny,106,20,19,19,17,15,16,4.447368421,3.444444444,4.777777778,4.142857143,5.333333333,5.666666667,4.166666667,142,4,0,0,1,1,1,0,0,0,0,0,3
R_3Ish8rpJjZ9At8d,Yanny,107,20,20,20,20,19,8,4.131578947,4.444444444,3.777777778,2.571428571,5.833333333,5,4.222222222,109,8,0,1,2,0,2,2,1,0,0,0,6
R_3ixqZS6P0VwbBOw,Yanny,85,11,16,20,12,16,10,3.447368421,3.111111111,4.777777778,1.857142857,3.5,4.333333333,2.833333333,88,21,4,1,4,1,4,0,5,2,0,0,17
R_3IY0rzENNxbk1OO,Laurel,43,11,5,9,5,9,4,1.526315789,1,1.666666667,1,1.833333333,2.666666667,1.166666667,46,8,0,0,3,0,3,0,1,1,0,0,5
R_3J6vbV8dygitvMJ,Yanny,98,17,14,20,12,18,17,4.552631579,4.555555556,4.666666667,3,5.166666667,6.333333333,4.277777778,136,19,2,3,4,1,2,0,3,2,0,1,17
R_3kuF7TV2081VCmV,Yanny,59,14,8,14,12,7,4,2.736842105,1.777777778,4.333333333,2.285714286,1.833333333,3.666666667,1.944444444,57,22,2,1,4,1,5,1,4,2,0,1,17
R_3lPmXiGS8gA3SOE,Yanny,86,19,11,20,11,9,16,3.631578947,3.444444444,4.444444444,2.142857143,3.333333333,5.333333333,3.222222222,113,31,2,3,7,0,6,2,7,3,0,1,25
R_3lS1tiltdP7zlLj,Laurel,104,17,18,20,19,16,14,5.605263158,6.111111111,6.111111111,4,6.333333333,6.166666667,5.222222222,145,4,1,0,0,1,0,0,1,0,0,1,4
R_3m4NY3tIJT7g8BE,Yanny,108,20,20,20,14,15,19,4.394736842,4.888888889,4.555555556,1.714285714,5.833333333,5.833333333,3.777777778,128,12,4,0,5,0,1,0,2,0,0,0,11
R_3o6xD1u4wg5juVB,Yanny,79,14,14,16,14,12,9,3.078947368,2.666666667,3.777777778,1.428571429,4,4.166666667,2.611111111,76,23,2,3,5,0,5,1,5,2,0,0,18
R_3Oai0KcR8gU3MMV,Yanny,96,20,20,19,13,15,9,4.184210526,2.888888889,5.111111111,1.714285714,6.666666667,5.833333333,3.333333333,98,4,0,1,1,1,0,0,0,1,0,0,4
R_3ou6bhvNO1VAfoh,Laurel,93,17,16,20,16,13,11,4.052631579,3.777777778,6,1,3.666666667,6.166666667,2.722222222,107,8,1,1,1,0,3,0,1,1,0,0,5
R_3ov2eQnLYyIGuGJ,Laurel,100,18,20,20,16,14,12,4.236842105,4.888888889,4.444444444,2.428571429,4,6,3.555555556,99,13,0,1,5,0,3,1,2,0,0,1,10
R_3OZijobwbaOsyOy,Laurel,76,14,13,17,11,12,9,3.894736842,2.333333333,5.444444444,4,4.666666667,3.666666667,3.555555556,54,16,1,1,5,1,4,2,2,0,0,0,12
R_3pMQCpuuwdRaRGd,Yanny,104,20,18,20,16,18,12,4.552631579,4.555555556,4.666666667,4.428571429,3.666666667,6.166666667,3.888888889,80,3,0,1,1,0,1,0,0,0,0,0,2
R_3pSqYiAjUdO7qru,Laurel,101,17,18,20,14,19,13,4.815789474,4,6.444444444,1.714285714,6.833333333,6,4.5,121,12,2,1,3,0,1,2,1,2,0,0,11
R_3PZQh9TicxyeWHn,Yanny,89,16,14,17,13,13,16,4.421052632,2.777777778,5.555555556,4.142857143,5.166666667,5.5,3.944444444,125,11,0,1,3,1,3,0,1,0,0,1,8
R_3qNNbuiaAiZ5GCZ,Yanny,96,20,20,20,16,12,8,3.842105263,3.555555556,4.777777778,1,5.166666667,5.5,3.055555556,118,6,1,0,1,0,1,0,0,2,0,0,5
R_3qOHnxQNQOZOxzw,Yanny,94,15,15,20,16,12,16,2.973684211,3.111111111,2.444444444,1.142857143,3.666666667,5.5,2.055555556,103,15,3,0,3,1,1,2,2,2,0,0,14
R_3qrJQhuy39xmE2U,Yanny,95,18,19,20,14,12,12,4.394736842,4.111111111,4.777777778,3.285714286,5.333333333,5.333333333,3.833333333,79,7,0,1,3,0,2,0,0,0,0,0,5
R_3Qy7bOhDEomTxTJ,Yanny,101,20,11,20,17,14,19,4.131578947,4.777777778,6.222222222,1,1.833333333,6.666666667,2.833333333,132,6,0,0,1,0,3,1,1,0,0,0,3
R_3r1FgfDBYucYHZO,Yanny,107,19,20,19,14,18,17,5.263157895,3.777777778,7,3.428571429,6.166666667,7,5.055555556,141,6,2,0,0,1,0,0,0,2,0,0,6
R_3r9fu92a52HJOcP,Laurel,77,10,13,14,11,15,14,3.894736842,3.666666667,3.666666667,2.142857143,6.333333333,4.833333333,4.166666667,114,28,1,3,5,1,3,5,5,2,1,2,25
R_3RohiLOkeYEDDzz,Laurel,97,17,19,20,15,18,8,5.184210526,4.333333333,5.888888889,4.857142857,6,5.833333333,5.111111111,77,4,1,0,2,0,0,0,0,0,0,1,4
R_3rOQG7aKSlJoatS,Yanny,105,20,18,20,16,12,19,4.078947368,4,5.333333333,1.714285714,3.333333333,6.5,3.111111111,146,0,0,0,0,0,0,0,0,0,0,0,0
R_3RwMKKmHwVym5s3,Yanny,91,16,18,17,14,13,13,3.078947368,3.111111111,3.666666667,1.142857143,3.166666667,4.833333333,2.333333333,112,2,0,0,0,0,2,0,0,0,0,0,0
R_3ssPy37tbYHzawJ,Laurel,94,17,15,17,16,11,18,4,3.555555556,4.444444444,3.285714286,4.833333333,4.666666667,3.888888889,142,24,3,2,1,0,7,4,3,3,0,0,17
R_3Ubf5t6GnRNsejO,Laurel,116,20,20,20,18,19,19,5.789473684,5.888888889,6.555555556,3.285714286,7.166666667,7,5.166666667,150,4,0,2,0,1,1,0,0,0,0,0,3
R_3umF8emyv55304N,Yanny,80,12,7,16,17,15,13,4.5,3.333333333,6.111111111,3.857142857,4.833333333,5,3.888888889,94,24,2,2,4,0,5,2,4,3,1,1,19
R_3UQye3y9MXlLLwd,Yanny,94,18,15,20,12,15,14,3.684210526,4.333333333,4.333333333,1.285714286,4.666666667,4.166666667,3.333333333,105,16,1,1,4,1,4,0,4,1,0,0,12
R_3v6LWVofOBCFDMA,Yanny,98,15,14,20,15,15,19,5.605263158,4.333333333,6.888888889,4,7,7,5.166666667,134,5,1,1,2,0,0,0,1,0,0,0,5
R_3VrWgOq5aoo6U5n,Yanny,58,8,15,9,8,9,9,3.342105263,3.777777778,3.444444444,2.571428571,3.833333333,3.5,2.944444444,56,9,1,1,2,0,4,1,0,0,0,0,5
R_3W289X045Jd7oRj,Laurel,114,19,20,20,15,20,20,5.763157895,4.888888889,6.777777778,5.714285714,6.333333333,6,5.555555556,165,4,2,0,1,0,0,0,1,0,0,0,4
R_3X57tTBugCpPEv2,Yanny,112,20,17,20,20,20,15,5.342105263,6.333333333,6.666666667,1,6.166666667,7,4.333333333,137,9,0,0,3,0,5,0,1,0,0,0,4
R_3XH0ooG0sjqITnP,Laurel,83,11,17,17,15,9,14,3.210526316,2.777777778,4.555555556,1.142857143,3.333333333,4.666666667,2.111111111,94,23,2,2,4,1,4,2,7,0,0,1,19
R_3Y8FTTKviktyz18,Yanny,65,11,14,16,6,12,6,3.736842105,2.444444444,5.555555556,2.285714286,3.833333333,5.166666667,2.944444444,72,23,0,1,6,1,4,4,4,1,0,2,19
R_3YiavcNfa0RsbXA,Yanny,98,19,13,18,15,17,16,5.684210526,5.222222222,6.333333333,6.285714286,5,6.333333333,5.611111111,123,6,0,0,3,0,0,0,1,2,0,0,6
R_3z8ZYt9D7wZj5l5,Yanny,93,20,12,20,16,14,11,3.342105263,3.666666667,3,2.714285714,2.166666667,5.833333333,2.444444444,106,9,0,2,1,0,5,0,1,0,0,0,4
R_3zF7mENRV5GEwPD,Laurel,111,19,20,20,20,20,12,4.552631579,6.111111111,3.444444444,3.714285714,3.666666667,6.5,4.388888889,93,24,2,3,3,0,5,4,2,3,1,1,19
R_41gIm5YscdHblwJ,Laurel,96,20,20,20,12,10,14,3.078947368,1.666666667,3.555555556,1.857142857,4.5,5,2.611111111,106,8,0,0,3,0,2,0,1,2,0,0,6
R_42LvdZaXCgZ7ZEw,Yanny,111,19,20,20,16,16,20,5.605263158,6.111111111,5,5.285714286,6.666666667,6,5.333333333,167,29,2,3,9,1,3,5,4,0,0,2,26
R_442ScwZki1kT55G,Yanny,101,19,20,20,16,14,12,4.605263158,4.333333333,5.333333333,1.142857143,6.833333333,6.5,3.944444444,112,7,1,0,1,0,4,0,1,0,0,0,3
R_446Ep6xJEF6ILr9,Yanny,94,20,16,17,13,16,12,4.394736842,3,4.888888889,4.285714286,5.166666667,5.833333333,4.166666667,101,16,1,1,6,1,4,0,2,0,0,1,12
R_4a8IbeHTJkqgLe1,Yanny,92,18,10,19,16,13,16,4.105263158,3.777777778,4.111111111,2.714285714,5.166666667,5.833333333,3.444444444,130,15,1,1,3,1,2,1,3,2,0,1,13
R_4DCIOFQ9BZFklP2,Yanny,103,18,17,18,19,15,16,4.157894737,4.333333333,4.555555556,2,5.5,5.166666667,3.777777778,118,10,0,0,1,0,5,1,2,1,0,0,5
R_4nN5lzRSZPgibXH,Yanny,93,15,15,20,14,14,15,4.105263158,4.111111111,4.777777778,3.571428571,3.5,5,3.333333333,123,12,1,1,5,0,1,1,1,1,0,1,11
R_4OiDn2uxaocBPzI,Laurel,96,15,17,18,18,15,13,4.5,4.111111111,5.333333333,2.857142857,5,6,4.166666667,113,16,1,4,2,1,3,1,1,0,1,1,13
R_4ovqn1RDtHAtsyt,Yanny,114,16,20,20,20,20,18,5.368421053,3.888888889,6.555555556,5,7.333333333,5.166666667,4.888888889,141,9,0,1,5,0,1,0,1,1,0,0,8
R_4wQVi6sDpS78i8S,Yanny,94,11,19,20,18,19,7,3.236842105,3.111111111,4.111111111,1.285714286,3.833333333,4.333333333,2.5,102,10,1,1,3,0,4,0,1,0,0,0,6
R_50qEDYlixG7CGE6,Laurel,39,9,9,8,5,4,4,1.789473684,1.111111111,2.444444444,1.285714286,1.833333333,2.666666667,1.166666667,41,25,1,3,7,0,4,2,5,0,1,1,21
R_51jl1Vqsxdj7OaJ,Yanny,74,18,6,16,11,14,9,3.526315789,2.555555556,5.444444444,1,5,4.166666667,2.777777778,68,12,0,0,1,0,6,1,4,0,0,0,6
R_52JiWa30eGuQxQb,Yanny,72,9,17,15,12,10,9,1.736842105,1.333333333,2.333333333,1.857142857,1.666666667,1.666666667,1.333333333,59,17,0,2,4,0,4,1,0,3,1,1,13
R_53X2ENZP8N1ilVV,Yanny,88,15,11,15,15,15,17,4.842105263,3.222222222,5.777777778,4.428571429,7,5,4.722222222,114,15,0,1,3,1,4,1,2,2,0,1,11
R_53xJbxjguuhIS0J,Yanny,70,11,9,20,13,9,8,2.868421053,3.666666667,2.666666667,1.428571429,2.166666667,4.833333333,2.166666667,81,9,0,0,4,0,3,0,2,0,0,0,6
R_54is6YpVG92a5wa,Yanny,97,15,16,17,16,19,14,5.289473684,4.888888889,6.222222222,4.857142857,5.333333333,5.833333333,5.277777778,126,3,1,0,1,0,0,0,0,1,0,0,3
R_56bxT7y7ljShk4L,Laurel,115,19,20,20,18,20,18,6,6.111111111,6.555555556,3.714285714,7.666666667,7,5.611111111,155,4,1,0,0,0,0,0,0,2,0,0,4
R_5772wGWAsqWXafa,Yanny,41,7,6,8,7,8,5,2.263157895,1.444444444,4.222222222,1,1.666666667,3,1.555555556,50,25,1,0,6,0,6,0,8,2,1,0,19
R_58RsHVkXDsNvqGl,Yanny,66,14,10,13,9,13,7,3.184210526,2.444444444,4.222222222,1.428571429,3.833333333,4.666666667,2.444444444,64,13,4,0,3,1,1,1,3,0,0,0,12
R_58UvKsuhmonuzrp,Yanny,109,18,19,20,17,16,19,5.368421053,4.666666667,5.777777778,4.285714286,6.833333333,6.5,4.833333333,149,7,2,0,3,0,0,0,0,0,0,1,7
R_5aADUBwBGvizkJz,Laurel,84,16,11,14,12,16,15,4.684210526,4.888888889,4.777777778,4.142857143,5.166666667,5.166666667,4.722222222,127,7,0,0,5,0,1,0,0,1,0,0,6
R_5BOVbuViJTqYT0L,Laurel,106,18,15,20,16,17,20,5.763157895,5.111111111,6.777777778,3.428571429,8.166666667,6.5,5.888888889,148,9,1,0,3,0,1,0,2,1,0,1,8
R_5CEpirOhwHvZNNn,Laurel,65,11,6,16,14,11,7,2.868421053,2.333333333,3.222222222,2.571428571,4.166666667,2.666666667,3,76,32,0,2,8,0,5,6,6,2,1,2,27
R_5CjQFUtlvpzkvVw,Laurel,83,15,19,15,13,12,9,3.973684211,3.222222222,5.555555556,1.142857143,5.333333333,5.333333333,3.222222222,89,12,1,0,5,1,3,0,2,0,0,0,9
R_5cY59OJwijOnqCE,Yanny,98,15,19,20,16,13,15,3.342105263,3,3.666666667,2.428571429,3.166666667,5.166666667,2.777777778,116,15,0,1,3,1,3,2,3,2,0,0,12
R_5dMRJuCaKzZk0rM,Laurel,42,6,6,8,9,7,6,2.815789474,1.666666667,5,2.285714286,3,2.166666667,2.222222222,58,22,1,2,3,0,8,4,3,0,0,1,14
R_5Dq3ozQeRgyOyRK,Yanny,74,12,17,11,11,14,9,2.631578947,1.444444444,3.777777778,1.857142857,3.833333333,2.833333333,2.444444444,72,12,2,2,1,1,2,3,0,1,0,0,10
R_5dS8xizMsZ2A3WC,Laurel,102,16,19,17,17,18,15,4.868421053,4.666666667,6.888888889,1,5.333333333,7,3.944444444,123,9,0,1,4,1,1,0,0,2,0,0,8
R_5eCsfhfPQNVJB6M,Laurel,105,16,17,20,18,18,16,5.052631579,4.777777778,5.333333333,3.142857143,7.166666667,6,4.944444444,128,12,0,2,2,1,2,3,1,0,0,0,10
R_5edU0riXjx8lVMH,Yanny,66,8,8,16,18,8,8,3.631578947,3.666666667,5.111111111,1.714285714,4,3.833333333,2.944444444,66,27,2,0,6,0,6,5,4,2,0,1,21
R_5fCj8TjhaARd3RT,Yanny,77,16,17,16,10,11,7,3.315789474,1.555555556,5.111111111,2,5.166666667,3.5,3.111111111,65,28,3,4,7,1,7,1,4,0,0,0,21
R_5FKxi41AaM72ki2,Laurel,84,20,11,19,15,9,10,3.736842105,4.222222222,6,1,2.166666667,5,2.5,76,16,0,0,4,1,4,1,3,1,1,1,12
R_5fvT75Xc2YemT0e,Laurel,92,16,14,16,15,15,16,4.947368421,4.444444444,4.666666667,5.428571429,5.833333333,5.5,4.722222222,133,7,4,0,0,1,1,0,0,0,0,0,6
R_5FxGTNXDh4UhPWz,Laurel,94,14,18,17,14,12,19,4.289473684,4,5.111111111,2.142857143,4.666666667,6.333333333,3.444444444,143,23,2,1,6,0,6,1,2,3,0,1,17
R_5g6plKWUQlCfIY1,Yanny,103,19,17,19,12,18,18,4.710526316,3,5.111111111,5.285714286,6,5.5,4.444444444,144,11,0,2,3,0,2,1,1,2,0,0,9
R_5GJ45FMf95KFP9L,Yanny,113,20,20,20,20,15,18,5.789473684,6.666666667,7,1.714285714,7.333333333,6.833333333,5.277777778,146,5,2,0,0,0,0,0,1,1,0,0,5
R_5hDCne6rbrXPreN,Yanny,82,14,17,18,15,6,12,3.289473684,2.666666667,5.111111111,1.714285714,2.166666667,5,2.166666667,80,7,0,0,0,0,3,0,1,2,0,1,4
R_5HivoHSZoAqg8iA,Laurel,108,20,19,20,16,13,20,5.052631579,4.555555556,6.444444444,3.714285714,4.166666667,7,4.555555556,162,18,0,1,6,0,4,2,4,0,0,1,14
R_5HWjH4uBLXza8rn,Laurel,104,19,17,19,16,18,15,3.578947368,4.222222222,4.555555556,1.142857143,3.5,4.666666667,2.833333333,126,10,0,2,3,0,2,1,1,1,0,0,8
R_5ieS1QJeGa5RK5b,Yanny,79,9,14,16,16,14,10,3.5,4.333333333,4.444444444,1,2.666666667,5.166666667,2.5,87,17,2,3,1,0,4,0,4,1,0,1,13
R_5ikIaEXDYK36hkl,Laurel,112,20,18,20,20,17,17,4.684210526,5.333333333,4.888888889,3,4.5,6.333333333,4.222222222,151,2,1,0,1,0,0,0,0,0,0,0,2
R_5K1qxLqigt19508,Yanny,82,14,15,15,13,14,11,5.263157895,3.333333333,5.555555556,6,7.333333333,5.666666667,5.111111111,99,11,1,0,4,1,2,0,1,2,0,0,9
R_5k6qkXJ30pXiYXm,Laurel,95,15,18,19,15,15,13,4.026315789,4,4.111111111,3.571428571,4.833333333,4.333333333,3.888888889,119,14,1,3,0,0,4,0,3,1,0,1,10
R_5kH8ZPlKOq0qilr,Laurel,90,12,18,17,14,16,13,4.315789474,4.888888889,4.222222222,2.571428571,5.5,5.166666667,3.722222222,106,27,1,4,2,0,7,7,2,3,1,0,20
R_5mjIQR2UcZBQpDs,Yanny,97,15,18,19,16,15,14,4.315789474,4.222222222,5.555555556,1.571428571,5.166666667,5.666666667,4,119,9,1,0,0,0,0,3,1,2,0,1,9
R_5n0YoU7ynKVCgLF,Yanny,110,20,20,19,19,17,15,5.368421053,6.111111111,6.555555556,2.857142857,5.333333333,6.333333333,4.333333333,133,19,3,0,2,1,5,2,2,3,0,1,14
R_5NUd2r7KnRtnBvP,Yanny,108,17,18,20,20,16,17,3.684210526,4.111111111,5,1.571428571,2.833333333,5,2.611111111,118,7,0,0,1,1,3,0,2,0,0,0,4
R_5PbwHsu44MkMRCN,Yanny,104,13,20,20,16,16,19,3.657894737,1.666666667,6.111111111,1,4.166666667,6.166666667,2.611111111,134,11,1,0,5,0,1,3,1,0,0,0,10
R_5plJPl8fHDuSkiV,Laurel,74,14,8,15,14,12,11,3.815789474,3.444444444,5.222222222,1.714285714,4.166666667,5,3.166666667,92,22,1,0,8,0,4,0,4,3,1,1,18
R_5ql3fFVjw1EdOKp,Yanny,108,18,18,20,15,20,17,4.394736842,4,4.555555556,3,5.166666667,6.333333333,3.722222222,143,0,0,0,0,0,0,0,0,0,0,0,0
R_5QNWyg0NcTuF2SJ,Laurel,112,18,18,20,19,17,20,5.657894737,5.333333333,6,5.142857143,6.166666667,6.666666667,5.555555556,157,3,0,1,0,0,1,0,1,0,0,0,2
R_5QVJmCMBV6yy7uh,Yanny,87,16,12,18,12,13,16,3.736842105,3.444444444,4.888888889,1.142857143,4.5,5.333333333,3,131,11,0,0,5,0,1,1,3,0,0,0,10
R_5QWFpiVPWK7RiTC,Yanny,97,14,18,16,15,17,17,3.947368421,4,4.333333333,1.857142857,5.166666667,5.166666667,3.555555556,135,5,0,1,0,1,2,0,1,0,0,0,3
R_5R1vjOlSfgmiAOo,Yanny,66,10,11,14,13,9,9,2.684210526,2.555555556,3.666666667,1,2.5,4,1.833333333,63,27,1,2,6,0,7,3,3,3,1,1,20
R_5R9b33Dt6HA4tqL,Yanny,85,16,16,16,12,16,9,4.421052632,3,5.444444444,3.285714286,6,5.5,4,95,22,2,0,3,0,6,2,7,2,0,0,16
R_5rGLAEnRAUQxecG,Laurel,84,17,13,15,13,13,13,3.973684211,4,4.333333333,3.428571429,4.666666667,4,3.722222222,107,31,3,4,2,0,8,5,4,2,1,1,23
R_5rZPj0p2gYmit7E,Yanny,88,16,20,20,17,11,4,2.736842105,1.666666667,3.111111111,1.142857143,4.5,4.333333333,2.055555556,55,18,1,3,5,0,2,3,1,1,0,2,16
R_5S979eKxlqchbEQ,Yanny,79,11,12,17,13,11,15,3.421052632,3.111111111,4.333333333,2.428571429,3.166666667,4.5,2.888888889,116,14,0,0,4,0,3,0,3,2,1,0,11
R_5tKKhdFRiwbmiwY,Yanny,78,15,12,16,13,12,10,3.526315789,2.777777778,4.222222222,2.428571429,4.333333333,4.666666667,3.055555556,82,25,1,4,4,0,4,4,5,2,0,1,21
R_5tRKKtuTTyV7gNb,Laurel,102,18,16,19,15,15,19,3.315789474,4.666666667,2.666666667,1.714285714,2.333333333,5.666666667,2.555555556,138,16,2,2,3,0,1,3,1,2,0,2,15
R_5V7lryLMGEU7Cyr,Yanny,87,12,19,16,17,11,12,4.263157895,3.444444444,5.888888889,3.142857143,4.166666667,5.166666667,3.555555556,103,18,3,0,4,0,4,2,1,2,0,2,14
R_5VDLSFYsqyuBfu9,Laurel,61,16,4,12,14,10,5,2.789473684,2.111111111,3.666666667,1.857142857,2.5,4.333333333,2.111111111,55,24,2,1,4,0,6,1,6,2,1,1,18
R_5WMhwyDt4ChzcO6,Laurel,91,17,13,19,14,13,15,4.263157895,3.555555556,5.888888889,1.714285714,5.333333333,5.5,3.777777778,120,11,1,0,2,0,2,2,1,2,0,1,9
R_5X7r12zO9u2mY6F,Yanny,93,15,19,19,19,14,7,3.710526316,5.111111111,4.222222222,1,3.166666667,5.166666667,2.777777778,67,18,3,0,3,0,1,4,2,3,1,1,17
R_5X9l5znULbNONwt,Yanny,81,11,16,14,16,10,14,4.473684211,3.777777778,5.555555556,4,4,5.666666667,4.444444444,89,26,1,3,6,1,5,1,4,3,0,2,21
R_5Y5pTb9oNCzHq4w,Laurel,86,16,15,17,14,12,12,3.763157895,3.555555556,4.222222222,1.285714286,5.166666667,5.5,3,120,12,2,0,5,0,4,0,0,0,0,1,8
R_5yqHQ1jKRtAO9MM,Yanny,108,18,18,20,14,19,19,5.078947368,5.111111111,6.444444444,3.428571429,4.166666667,6.666666667,4.611111111,152,4,1,0,1,0,1,0,1,0,0,0,3
R_60HulPMwmwNMVXT,Laurel,75,12,15,15,9,10,14,2.842105263,2.222222222,4.555555556,1,2.333333333,4.333333333,1.5,102,18,0,3,1,0,6,3,2,0,1,1,12
R_61ReOKmua6rMu1h,Yanny,83,19,12,13,5,18,16,3.605263158,1.666666667,5.222222222,2.571428571,4.833333333,4.666666667,3.666666667,93,17,4,0,2,1,1,2,5,2,0,0,16
R_61RUqg6n25k0mXX,Yanny,85,15,8,20,12,14,16,3.789473684,4.777777778,4.777777778,1,3.166666667,5.333333333,2.888888889,138,15,1,0,6,0,3,0,2,1,1,1,12
R_62WTRkdyLZ2un2I,Laurel,112,18,18,20,18,20,18,5.315789474,4.555555556,5.777777778,4.857142857,7.166666667,5.333333333,5.222222222,150,17,3,4,5,0,2,2,1,0,0,0,15
R_63dMWvaxNQ6thTe,Yanny,96,13,19,20,16,14,14,5.342105263,3.888888889,6.111111111,5.857142857,6.333333333,5.666666667,5.055555556,130,3,2,0,1,0,0,0,0,0,0,0,3
R_64l6vlBPO24Kd2F,Yanny,94,16,20,17,12,17,12,5.078947368,3.777777778,6.222222222,5.142857143,5,6.166666667,4.555555556,105,10,2,0,2,0,0,0,2,2,0,1,10
R_6anmsSlZiHGzUBc,Yanny,80,14,12,17,13,8,16,3.657894737,3.555555556,4.222222222,2,4,5.166666667,3.222222222,110,11,1,1,1,0,4,2,0,1,0,1,7
R_6dNplrkVK1tDLuu,Yanny,65,20,4,16,8,10,7,2.131578947,1.333333333,2.555555556,1,2.166666667,4.333333333,1.611111111,43,17,1,1,3,0,7,1,3,0,0,1,10
R_6EAT2rj7ghNPPSF,Laurel,94,18,9,20,16,13,18,3.605263158,2.888888889,4.222222222,1,5.333333333,5.666666667,3,130,21,0,2,6,1,3,2,4,2,0,1,18
R_6gRULGparNunVO8,Laurel,79,16,9,18,15,9,12,3.605263158,3.888888889,5.333333333,1,2.666666667,5.166666667,2.5,102,10,0,0,2,0,3,0,2,2,0,1,7
R_6HjJE2L08vCKwox,Yanny,87,16,17,16,14,15,9,3.578947368,3.333333333,4.111111111,1.571428571,5.166666667,4.5,2.888888889,71,10,0,2,3,1,0,0,2,2,0,0,10
R_6hnz9IP0Ck5xslY,Yanny,108,19,19,20,15,18,17,4.947368421,4.222222222,5.777777778,4.428571429,5,6.166666667,4.277777778,143,8,0,1,1,1,3,0,0,2,0,0,5
R_6mDwOCxgaJOrMmV,Laurel,96,20,20,20,12,16,8,3.868421053,4.777777778,5.666666667,1,3.666666667,4,2.666666667,122,17,0,2,2,1,4,2,4,2,0,0,13
R_6PNxlgvAdpw9TG9,Yanny,96,17,20,17,16,13,13,3.605263158,3.333333333,4.777777778,1.142857143,3.833333333,5.5,3.111111111,105,13,2,2,2,0,2,1,1,2,0,0,11
R_6pVOh1eFlvqTnXV,Laurel,78,18,14,15,11,5,15,3.5,3.444444444,4.111111111,1.857142857,3.166666667,5.5,2.777777778,107,27,1,3,4,1,4,1,8,2,1,1,23
R_6QzwKvR7gh5P47n,Yanny,83,14,10,20,18,13,8,4.447368421,4.333333333,6.111111111,1,5.666666667,5.666666667,3.777777778,113,16,3,0,4,1,4,0,4,0,0,0,12
R_6r2GXHgMBk7iKBP,Yanny,99,18,19,17,16,16,13,5.342105263,3.888888889,6.888888889,3.857142857,7,6.166666667,4.944444444,110,11,1,1,2,1,2,1,0,2,0,0,9
R_6RJHhog6d04Fp3H,Yanny,110,20,19,20,19,18,14,3.947368421,4.111111111,4,3.142857143,5.166666667,4,3.777777778,124,19,1,2,2,0,3,5,3,2,0,1,16
R_6Suc4RekJVF7CDB,Yanny,100,20,16,17,15,15,17,5.131578947,4.111111111,6.555555556,2.857142857,6.5,6.666666667,4.444444444,137,4,0,0,0,0,3,0,1,0,0,0,1
R_6t8Ua9nKU5Lt56P,Yanny,105,19,18,20,10,18,20,5.184210526,4.444444444,6.111111111,3.571428571,6.166666667,6.666666667,4.666666667,148,22,0,1,5,1,3,6,2,2,1,1,19
R_6ZOKcmh84yJG9Dj,Yanny,93,19,15,18,15,15,11,4.289473684,4.555555556,5.666666667,1.714285714,4,5.833333333,3.222222222,107,6,0,0,1,0,3,1,0,0,0,0,3
R_70MXVHFbvRRTMXq,Yanny,100,17,19,20,16,14,14,4.605263158,4.222222222,6,2.857142857,4.833333333,5.666666667,4.277777778,117,9,0,1,0,0,1,0,5,2,0,0,8
R_70r9tTVOPcBcCmn,Yanny,78,13,18,16,10,14,7,3.789473684,2.111111111,6.777777778,1.142857143,4.5,4.833333333,2.888888889,61,24,3,1,7,0,3,2,4,2,0,1,21
R_72lVzVPtI9GcpZU,Yanny,89,18,12,18,11,14,16,4.394736842,2.111111111,6,3.571428571,6.5,5,3.944444444,120,11,1,2,2,0,1,0,2,2,0,1,10
R_72nj4YVnv355gKG,Laurel,93,18,16,18,12,13,16,3.368421053,1.777777778,5.333333333,1,3.666666667,5.833333333,2.333333333,131,22,2,1,6,0,4,3,1,3,1,1,18
R_73CI0ErEe3BxNxy,Yanny,79,18,8,16,10,17,10,5.657894737,3.888888889,6.666666667,6.142857143,6.5,6.333333333,5.166666667,88,13,2,1,4,0,1,0,2,2,0,1,12
R_73WgzIjQpX4mXho,Laurel,109,20,20,17,17,19,16,5.157894737,5,6.222222222,3.571428571,5.333333333,6.333333333,4.666666667,126,8,1,1,3,0,2,0,0,0,0,1,6
R_779bljciiMTjjq1,Yanny,102,19,17,18,17,14,17,4.131578947,4.666666667,5.333333333,1.285714286,3.666666667,6,3,128,11,0,0,4,0,2,0,1,3,0,1,9
R_7aItqfBwXDKbYBP,Laurel,97,19,12,18,12,16,20,4.605263158,4.444444444,4.888888889,2.714285714,7.166666667,4.833333333,4.333333333,138,24,1,1,4,1,6,3,4,2,1,0,18
R_7B4CBvWrquoxavv,Yanny,79,12,12,17,14,12,12,3.368421053,3,4.666666667,1.857142857,3.166666667,4.5,2.388888889,97,20,2,1,5,0,2,2,4,2,0,1,18
R_7BWWFO7Ucj3IrUX,Yanny,101,18,16,19,18,13,17,4.578947368,4.888888889,4.888888889,2.714285714,5.666666667,5.5,4.277777778,123,16,0,1,3,0,2,2,4,3,0,0,14
R_7C9Bu9tgaxR9L5j,Yanny,98,19,20,18,10,17,14,3.868421053,3,5,1.142857143,4.5,6.666666667,3.166666667,141,16,1,1,3,1,3,1,5,0,0,1,13
R_7CCoGJRhaNeaCnK,Yanny,75,14,14,12,13,12,10,3.605263158,3.555555556,3.777777778,4,4.333333333,2.833333333,3.722222222,89,25,3,2,7,0,3,2,3,2,0,2,22
R_7CG72fqLDAhnQHL,Yanny,99,19,12,20,16,15,17,5.789473684,5.222222222,6.333333333,7,4.5,6.666666667,5.555555556,146,19,1,1,3,0,4,2,4,3,0,1,15
R_7dGuKwIjHfKYiE4,Yanny,98,14,13,18,18,16,19,4.5,4.333333333,4.777777778,1.714285714,6.666666667,6.166666667,4.111111111,148,12,2,1,2,0,0,3,2,1,0,0,12
R_7E4pZa9IKKV6QPD,Laurel,80,8,16,16,13,18,9,4.184210526,5.111111111,4.888888889,2,4.833333333,4.333333333,3.888888889,87,22,2,1,2,0,5,3,5,3,0,1,17
R_7EhtPiqVjZjuuBe,Yanny,79,12,11,19,15,17,5,4.552631579,4.555555556,6,2.714285714,3.666666667,6.166666667,3.555555556,88,4,1,0,0,0,2,0,1,0,0,0,2
R_7fzEKM4lugSKD85,Yanny,118,20,20,20,18,20,20,6.289473684,6.111111111,6.666666667,4.857142857,8,7,6.222222222,168,1,0,0,0,0,0,0,0,0,0,1,1
R_7gMhRekXIW2B6hj,Laurel,100,18,16,20,16,19,11,5.921052632,4.111111111,6.777777778,5.285714286,8.166666667,6.833333333,5.888888889,113,7,1,0,2,1,3,0,0,0,0,0,4
R_7HS95mkcmGSNm9p,Yanny,116,20,18,20,19,20,19,5.736842105,5.777777778,6.333333333,4.714285714,6,6.666666667,5.444444444,152,5,1,0,2,0,0,1,0,0,0,1,5
R_7ILunRVPq8EhjlD,Laurel,88,14,20,16,16,12,10,3.236842105,1.666666667,6,1.857142857,2.666666667,4.166666667,2.333333333,84,21,1,0,6,1,4,3,3,2,0,1,17
R_7ipRgHWTzyZBZS7,Laurel,117,20,19,20,19,19,20,5.263157895,5.555555556,6.333333333,2.285714286,5.833333333,7,4.777777778,158,2,0,1,1,0,0,0,0,0,0,0,2
R_7iXtjcTlKTvh6BG,Laurel,90,14,14,17,17,13,15,3.289473684,3.444444444,4.444444444,1,3.666666667,4.166666667,2.388888889,105,12,1,0,3,0,0,3,2,2,0,1,12
R_7j9BLyklOtWecR8,Laurel,85,15,14,18,14,15,9,4.736842105,4.222222222,5.111111111,4.714285714,5.333333333,5.166666667,4.333333333,85,15,2,1,3,0,5,0,1,1,1,0,10
R_7jgNl84UnbE8WB3,Yanny,59,7,14,16,9,7,6,2.657894737,1.444444444,4.333333333,2.428571429,1.666666667,3.666666667,1.555555556,51,19,3,3,3,1,5,1,1,0,0,1,14
R_7JIxbxZvT6rflNw,Yanny,94,18,17,20,17,14,8,3.578947368,2.888888889,5.666666667,3.428571429,1.666666667,4.166666667,2.5,54,16,1,2,4,1,3,2,1,1,0,1,13
R_7JnxQiA1Phk7sVr,Laurel,99,20,18,16,13,15,17,5.368421053,4.222222222,6.444444444,3.714285714,6.833333333,6.833333333,4.833333333,154,2,0,0,0,0,1,0,1,0,0,0,1
R_7jUno4heZjxdBkC,Laurel,106,20,12,20,18,16,20,3.842105263,4.888888889,4.444444444,1,2.666666667,6.5,2.5,160,1,0,0,0,0,0,0,1,0,0,0,1
R_7JV2T8Gr26FBPoo,Laurel,85,14,15,16,14,15,11,3.763157895,3.444444444,4.222222222,3.285714286,4.166666667,4.333333333,3.444444444,106,8,1,0,3,0,2,0,1,1,0,0,6
R_7JXfsV1KD91UbSR,Laurel,97,20,13,18,15,15,16,4.657894737,3.666666667,6,3.285714286,4.833333333,6.333333333,4.166666667,120,16,1,1,5,0,2,1,3,3,0,0,14
R_7ktc7pjrPzhpK1K,Laurel,113,19,20,20,18,19,17,4.631578947,4.888888889,4.777777778,3.285714286,5.333333333,5.666666667,4.111111111,147,7,0,1,0,0,1,1,4,0,0,0,6
R_7ktfMyh1iyw7OHD,Laurel,78,13,9,17,16,12,11,2.894736842,3,4.888888889,1,1.666666667,3.666666667,2.111111111,96,19,1,0,4,1,5,1,6,1,0,0,14
R_7l0jeNb0anUIu5j,Yanny,120,20,20,20,20,20,20,6.342105263,6.777777778,7,5,6.666666667,7,6.555555556,164,5,1,0,1,0,1,0,1,1,0,0,4
R_7L8g2oj5TzCqbvK,Yanny,83,10,12,20,14,15,12,4.236842105,4.666666667,4.666666667,2.571428571,6.333333333,3.5,4.5,104,15,2,1,3,0,4,0,3,1,0,0,11
R_7LG356IGP641njK,Yanny,113,20,19,20,17,20,17,6.473684211,6,7,6,7.666666667,6.833333333,6.5,141,0,0,0,0,0,0,0,0,0,0,0,0
R_7LuK8v0T8VrJnzN,Yanny,99,18,16,19,16,16,14,4.078947368,3.444444444,5.333333333,1.857142857,5,5.5,3.388888889,122,7,1,0,5,0,1,0,0,0,0,0,6
R_7Ms5vaklVc1SSMb,Laurel,92,17,16,15,14,15,15,3.710526316,4.333333333,4.111111111,1.571428571,5,4,3.5,130,29,3,4,5,1,4,3,4,3,1,0,25
R_7msjDIwdyrgA1jd,Yanny,78,17,16,14,12,13,6,2.947368421,2.444444444,3.222222222,3.285714286,2.833333333,3.5,2.444444444,54,7,1,0,1,1,0,1,1,2,0,0,7
R_7nVfU2MMXXYP4s5,Laurel,85,15,15,15,16,14,10,3.263157895,3.333333333,4.444444444,1.428571429,3.333333333,4,2.611111111,91,20,0,1,5,1,4,3,1,3,0,2,16
R_7oOdjfXAlVe7yBX,Laurel,83,15,10,19,11,10,18,3.5,3.222222222,5,1,2.833333333,5.833333333,2.388888889,112,33,4,2,7,1,8,2,5,2,0,1,25
R_7OrjcGsMNS0uIkz,Laurel,96,14,20,19,17,11,15,3.868421053,3.888888889,5.222222222,1,4.166666667,5.5,3.111111111,123,23,1,0,6,0,5,5,1,3,0,1,18
R_7p0yAzCgMi2hbRD,Laurel,65,16,8,15,14,7,5,2.842105263,2.888888889,3.222222222,1.428571429,2.833333333,4.333333333,2.055555556,48,21,3,2,3,1,3,1,6,2,0,0,18
R_7q3fGTZMjY8TYVa,Laurel,109,20,19,20,19,19,12,6.394736842,6.222222222,6.888888889,5.857142857,7,7,5.944444444,128,9,2,1,2,0,2,1,0,1,0,0,7
R_7Q5vjS8zj4uFInC,Yanny,110,20,19,20,17,17,17,5.026315789,5.333333333,5.111111111,4.285714286,5.833333333,5.333333333,4.777777778,151,8,0,1,1,0,0,0,3,2,0,0,8
R_7qKx8ovrWA5TtVz,Laurel,89,13,12,18,17,14,15,4.868421053,4,6,4,5.333333333,5.833333333,4.111111111,114,14,2,0,5,0,2,1,2,1,0,1,12
R_7r51BRVeaPksfQJ,Yanny,70,19,13,9,7,14,8,4.131578947,1.555555556,6.777777778,3.571428571,5,4.5,3.555555556,73,9,1,0,1,0,2,0,2,2,0,0,7
R_7RiSFwLEHsjfOfv,Laurel,95,17,15,16,16,14,17,3.578947368,3.333333333,4.666666667,1,3.666666667,5.833333333,2.388888889,126,0,0,0,0,0,0,0,0,0,0,0,0
R_7rMK0nyvgb6OYUu,Yanny,78,11,19,16,10,11,11,3.921052632,3.444444444,5,3.285714286,4.166666667,4.166666667,3.222222222,97,14,1,1,2,0,3,3,1,2,0,1,11
R_7rOsFhZMPeCSZSN,Yanny,62,16,11,10,8,9,8,2.578947368,1.888888889,3.777777778,1.285714286,3.166666667,3.166666667,2.111111111,69,18,1,1,1,0,5,5,3,2,0,0,13
R_7ruGrXHUyTLWCBn,Yanny,112,20,20,20,14,19,19,5.921052632,4.333333333,6.888888889,5.714285714,7.333333333,6.666666667,6.111111111,146,4,2,0,1,0,0,0,0,0,0,0,4
R_7S3RXu8n0Q5s2t3,Laurel,107,18,20,18,18,16,17,3.447368421,3.777777778,4.333333333,1,3,5.5,2.388888889,133,14,1,0,1,0,3,2,4,2,0,0,11
R_7S564V2mUUjnzuV,Laurel,99,20,18,20,13,11,17,3.473684211,2.777777778,5.111111111,1,3.5,5.5,2.444444444,142,10,0,0,0,0,2,0,5,1,0,1,8
R_7TLhMvhbrpuRpIt,Yanny,75,17,20,20,4,5,9,2.526315789,1.444444444,3.222222222,2,3.833333333,2.833333333,2.222222222,81,23,3,3,5,0,3,0,4,2,1,1,20
R_7UoqWi0FT6bzwAN,Yanny,105,20,16,20,18,16,15,4.026315789,4,5.555555556,1.428571429,4.666666667,4.833333333,3.166666667,131,11,3,2,1,0,2,1,1,0,0,1,9
R_7uTWORMdj6F6y6t,Yanny,92,18,15,18,17,14,10,3.105263158,3.111111111,3.666666667,2.142857143,3.666666667,3.333333333,3,92,18,4,1,2,0,5,1,2,1,1,0,13
R_7VsnHioTrdzuLg5,Yanny,105,20,18,20,20,16,11,5,4.222222222,5.777777778,4,5.333333333,6.666666667,4.5,100,12,4,2,2,0,2,1,0,1,0,0,10
R_7Wk6ieq2nizs9Dr,Yanny,106,18,18,18,18,15,19,4.184210526,4.666666667,4.666666667,1.571428571,4.166666667,6.5,3.555555556,141,15,2,3,2,0,1,2,2,1,1,0,14
R_7yjb1XUjYjOvhoG,Yanny,89,16,13,16,13,17,14,4,4.444444444,4.222222222,1.714285714,5.5,4.833333333,3.722222222,120,13,1,1,3,0,3,2,1,0,0,1,10
R_7ZCah7a97Nvv7RF,Yanny,94,16,16,18,13,15,16,4,3.666666667,4.888888889,1.714285714,5.166666667,5.333333333,3.555555556,124,4,1,2,1,0,0,0,0,0,0,0,4
R_85AG4m0XRIRx1gl,Yanny,114,20,16,20,20,20,18,5.631578947,6,6.111111111,2.714285714,8,6.333333333,5.277777778,154,2,0,0,0,0,1,0,1,0,0,0,1
R_8akPQeCOvdaB7Ll,Yanny,104,18,20,18,17,18,13,5.052631579,3.111111111,6.333333333,4.714285714,5.833333333,6.5,4.5,112,8,1,0,1,0,1,1,2,1,0,0,7
R_8CJIMXzksPjK99u,Yanny,27,5,4,5,4,4,5,1.105263158,1,1,1,1.666666667,1.166666667,1,35,29,4,1,6,0,9,3,2,1,1,1,20
R_8cpjI4ZuCf9NXgP,Yanny,77,10,4,20,15,12,16,3.552631579,1.666666667,6,1.571428571,3.666666667,5.5,2.833333333,115,13,1,1,2,0,5,0,3,1,0,0,8
R_8DUre4vtGeSd1UJ,Yanny,112,20,20,20,19,17,16,5.210526316,5.333333333,6.222222222,2.714285714,6.166666667,6.333333333,4.722222222,142,19,1,0,4,1,4,3,2,2,0,1,15
R_8EGYGuIqac9niiq,Laurel,108,18,16,20,17,19,18,6.210526316,5.333333333,7,5.714285714,7.166666667,7,6.055555556,152,7,1,0,3,0,2,0,1,0,0,0,5
R_8EsWYOI3QySk8WM,Yanny,92,20,17,19,16,14,6,4.157894737,4.111111111,5.444444444,1.428571429,4.5,5.833333333,3.166666667,89,13,1,1,6,1,3,0,1,0,0,0,10
R_8fiNHHHr8UD0DLZ,Yanny,76,11,12,18,16,13,6,3.052631579,3,4,1.142857143,2.666666667,4.833333333,2,73,24,0,2,5,1,4,1,5,3,1,1,20
R_8FldGrXmrYoOErD,Yanny,57,14,9,14,6,10,4,2.421052632,1.777777778,3.888888889,1,3,2.666666667,1.777777778,40,15,0,0,2,0,4,2,5,2,0,0,11
R_8MFPtlNWUMdfNvO,Yanny,98,16,20,19,14,14,15,4.131578947,4.666666667,4.777777778,1.142857143,5.333333333,5.333333333,4,119,7,0,1,2,0,0,1,1,1,0,0,7
R_8oihbNDGhF7bTih,Laurel,67,12,15,10,9,13,8,4.421052632,2,6.222222222,4.857142857,6,4,4.833333333,56,18,1,0,2,0,3,3,6,2,0,1,15
R_8pY6V1hoZKcqFee,Yanny,100,17,18,20,17,11,17,4.342105263,4.666666667,5.666666667,1.428571429,4.166666667,6.166666667,3.555555556,129,16,2,0,3,0,4,2,2,3,0,0,12