,ResponseId,Q409,eBMRQ_total,BMRQ_total,BMRQ_emotion,BMRQ_sensorimotor,BMRQ_moodreg,BMRQ_musicseek,BMRQ_socialreward,BMRQ_absorption,Gold_total,Gold_activeengagement,Gold_perceptualabilities,Gold_musicaltraining,Gold_singingabilities,Gold_emotion,Gold_musicalsophistication,AIMS_total,PASS_total,PASS_sex,PASS_eating,PASS_touch,PASS_feeling,PASS_sound,PASS_vision,PASS_movement,PASS_temperature,PASS_general,PASS_smell,PASS_noaud,location
1,R_10BZYeX3XO3OsF4,Yanny,88,73,16,14,16,12,15,15,4.054054054,4.666666667,4.444444444,3.333333333,2.714285714,4.833333333,3.333333333,123,29,1,4,7,0,3,4,6,1,1,2,26,boston
2,R_12s4n0snYp9PS03,Yanny,89,76,18,13,17,13,15,13,4.189189189,4,4.444444444,2.333333333,5.285714286,4.666666667,4.055555556,127,34,4,5,3,0,6,6,6,1,1,2,28,boston
3,R_12Sr81cOotEDG2l,Yanny,59,51,11,5,12,11,12,8,3.054054054,1.888888889,4.888888889,1,2.428571429,4.833333333,1.888888889,51,19,1,1,3,0,8,2,2,0,0,1,11,boston
4,R_13sbBbAoAGA5IZP,Yanny,116,98,18,20,20,20,20,18,5.837837838,5.777777778,6.222222222,5.166666667,5.285714286,6.666666667,5.722222222,139,6,0,0,2,0,2,1,1,0,0,0,4,boston
5,R_18MY83R5ZFoyBO0,Yanny,65,55,10,6,14,11,14,10,2.972972973,2.777777778,4.333333333,2.833333333,1.714285714,2.833333333,2.666666667,72,33,1,3,6,0,5,10,3,3,0,1,28,boston
6,R_1Alb56QjvuZVK13,Yanny,84,69,14,13,15,12,15,15,4.189189189,4.222222222,4.222222222,3.333333333,4.857142857,4.166666667,4.222222222,122,29,2,3,2,0,7,5,5,3,1,0,22,boston
7,R_1atqIMMLzIB04Gg,Yanny,94,80,17,17,18,14,14,14,4.108108108,3.444444444,5.555555556,2.333333333,4.428571429,4.333333333,3.611111111,94,25,1,3,5,1,5,3,2,2,0,2,20,boston
8,R_1c10gmQGXEnKg69,Laurel,98,81,19,20,17,8,17,17,4.297297297,2.444444444,5.111111111,3.5,4.714285714,6.166666667,3.833333333,125,2,1,0,0,0,1,0,0,0,0,0,1,boston
9,R_1d5O9IKNCEovoeF,Yanny,109,91,19,20,17,15,20,18,4.810810811,4.888888889,4.333333333,5.166666667,5.285714286,4.5,5.166666667,146,8,0,1,0,0,1,2,1,2,0,1,7,boston
10,R_1dsBNrJxeq54NfU,Yanny,105,89,20,17,20,17,15,16,4.27027027,4,5.444444444,4,1.714285714,6.166666667,2.944444444,120,9,1,0,3,0,2,0,0,1,0,1,7,boston
11,R_1dtzGlP9q0sveOn,Yanny,88,73,20,19,16,9,9,15,3.810810811,2.111111111,5.333333333,1.5,4.428571429,5.666666667,3.166666667,108,23,1,3,4,1,3,1,4,2,1,2,20,boston
12,R_1dXPwlOpDGhHfed,Laurel,94,78,18,18,17,13,12,16,3.648648649,2.555555556,5.111111111,1.166666667,3,6.333333333,2.222222222,121,7,0,0,1,0,3,1,0,2,0,0,4,boston
13,R_1EBcfBQ6h6VUx4S,Laurel,98,87,20,15,20,16,16,11,4.324324324,2.444444444,6.333333333,3,3.428571429,6.5,3.555555556,106,5,0,0,3,0,2,0,0,0,0,0,3,boston
14,R_1EjdT9ode7Le3IJ,Yanny,113,95,20,18,20,17,20,18,5.675675676,5.777777778,5.666666667,3.333333333,6.428571429,7,5.277777778,142,8,2,1,1,0,3,1,0,0,0,0,5,boston
15,R_1f3YO7udYXGlVzV,Laurel,81,68,16,14,16,11,11,13,3.594594595,2.222222222,5.111111111,1.5,4,5,2.777777778,104,9,1,0,1,0,4,1,0,2,0,0,5,boston
16,R_1f9sT6FeIWyRxYg,Yanny,67,63,12,16,16,10,9,4,3,1.111111111,4.555555556,1,3.857142857,4.5,2.277777778,41,8,0,0,4,1,3,0,0,0,0,0,5,boston
17,R_1fqR3OeGuqE3jcC,Laurel,82,71,14,13,16,14,14,11,3.864864865,3.222222222,4.555555556,3.5,3.142857143,5,3.5,92,8,1,1,2,0,1,1,1,0,0,1,7,boston
18,R_1FxqglmxK3yJkwp,Yanny,98,89,20,18,20,13,18,9,4.054054054,3.777777778,3.666666667,2.166666667,4.428571429,6.5,3.555555556,97,13,3,1,2,1,3,1,1,1,0,0,10,boston
19,R_1g7kKGpL4ZMGfxe,Yanny,80,66,18,10,13,11,14,14,3.810810811,2.333333333,4.888888889,2,4.142857143,5.833333333,3.277777778,97,16,0,1,5,0,4,0,2,3,0,0,12,boston
20,R_1GeoYKOOlj3WsMJ,Yanny,89,83,20,17,17,13,16,6,4.378378378,3,5.777777778,2,4.428571429,6.666666667,3.666666667,79,19,4,2,2,1,2,1,5,0,1,0,17,boston
21,R_1gLsYa56F7t4qpx,Yanny,114,98,20,20,20,18,20,16,6.216216216,5.444444444,7,4.333333333,7.142857143,7,6.166666667,150,4,1,0,1,0,2,0,0,0,0,0,2,boston
22,R_1HoafWuz0HdTe3y,Laurel,81,70,16,16,15,9,14,11,4.081081081,3,6.222222222,1.166666667,3.857142857,5.666666667,3,101,5,0,0,1,0,1,1,0,2,0,0,4,boston
23,R_1ILvC1s2YU34dEm,Yanny,86,73,14,13,16,16,14,13,4.648648649,4.777777778,5.111111111,3.833333333,3.857142857,5.5,4.555555556,106,8,0,0,4,0,2,0,1,0,0,1,6,boston
24,R_1JKG2eWdldOTdze,Yanny,59,49,9,8,18,10,4,10,NA,2.555555556,3.888888889,NA,3.142857143,4.5,NA,77,27,2,5,7,1,5,3,1,3,0,0,22,boston
25,R_1jYyd5SBIqUPLmZ,Laurel,82,71,15,12,17,16,11,11,3.891891892,4.222222222,4.666666667,1.833333333,3.142857143,5.166666667,3.555555556,83,15,1,1,3,0,6,1,1,1,0,1,9,boston
26,R_1MnnqwoG3lHCfQd,Yanny,111,91,20,17,20,18,16,20,4.297297297,3.666666667,5.444444444,2.166666667,4.428571429,5.5,4.222222222,147,13,3,2,2,0,3,1,1,1,0,0,10,boston
27,R_1N1YGFYeQiNtTaA,Laurel,93,74,14,16,17,14,13,19,5.432432432,3.555555556,6.555555556,6.166666667,5.714285714,5.5,5.333333333,135,10,0,0,5,0,2,0,0,2,0,1,8,boston
28,R_1NxIWvuevalKD9X,Yanny,86,78,16,17,13,17,15,8,3.972972973,3.888888889,4.777777778,2.333333333,3,5.666666667,3.222222222,87,5,1,0,3,0,0,1,0,0,0,0,5,boston
29,R_1pLUbCnGqPh4NMd,Yanny,90,77,17,15,17,12,16,13,4.918918919,2.777777778,6.444444444,3.833333333,5.714285714,6,4.833333333,101,5,0,1,1,0,1,0,0,1,0,1,4,boston
30,R_1pndZePK7Ivqike,Yanny,94,79,12,20,19,16,12,15,3.675675676,3.333333333,4.222222222,1,4.571428571,5,2.777777778,125,11,0,0,2,0,3,2,2,2,0,0,8,boston
31,R_1RmeEcGhdlKMvyc,Laurel,89,78,17,12,16,16,17,11,3.864864865,4.222222222,4,3.333333333,4.142857143,3.333333333,3.611111111,94,30,0,3,4,0,7,5,6,2,0,2,23,boston
32,R_1s6zyk7GFlHKhfi,Yanny,90,83,15,19,18,15,16,7,4.405405405,3.444444444,6.111111111,2.666666667,4,5.5,3.833333333,96,5,1,0,2,0,1,0,0,0,0,0,4,boston
33,R_1SGgVsTz2paXa40,Yanny,76,70,14,9,19,12,16,6,4.378378378,2.444444444,5.333333333,4.666666667,5.142857143,4.666666667,4.333333333,52,22,0,1,6,0,2,5,4,2,1,1,20,boston
34,R_1StoQRCMl3v70J3,Yanny,85,74,18,19,18,7,12,11,2.567567568,1.333333333,4.111111111,1,2.428571429,3.833333333,1.666666667,88,14,0,4,3,1,2,1,3,0,0,0,12,boston
35,R_1TZQPMzP4mtp2H1,Yanny,108,89,20,18,19,15,17,19,4.351351351,3.333333333,6.111111111,1.833333333,4.571428571,5.5,3.444444444,141,11,1,1,4,1,1,1,0,0,0,1,10,boston
36,R_1usPeXpRHafzrz2,Laurel,70,61,14,10,15,13,9,9,4.162162162,3.222222222,4.888888889,2.833333333,4.714285714,5.166666667,3.5,79,4,1,1,1,0,0,0,0,1,0,0,4,boston
37,R_1W0YsI7mCJ8oajv,Yanny,91,77,12,15,19,17,14,14,4.432432432,4.222222222,4.777777778,3.166666667,5.142857143,4.666666667,4.222222222,106,19,3,1,4,0,3,1,3,2,1,1,16,boston
38,R_1w5LXcF5tqyYn9T,Yanny,88,73,16,15,15,10,17,15,2.945945946,1.777777778,3.555555556,2.666666667,2.285714286,4.833333333,2.5,113,6,1,0,1,0,2,1,0,1,0,0,4,boston
39,R_1wOzxO4P7UjocQ9,Laurel,85,70,17,10,16,12,15,15,4.243243243,4.111111111,5.222222222,2.833333333,3,5.833333333,3.222222222,118,11,1,1,3,0,3,1,1,0,0,1,8,boston
40,R_1X1EAaqm1yZtbyp,Yanny,88,74,15,19,12,13,15,14,4.756756757,3.888888889,5.555555556,5,4.285714286,5.166666667,4.555555556,90,6,1,1,1,0,1,0,1,0,0,1,5,boston
41,R_1zUeZwvRglDagcs,Yanny,103,85,15,17,19,20,14,18,4.648648649,4.555555556,5.888888889,2,3.714285714,6.666666667,3.5,139,18,1,0,3,0,3,3,3,3,0,2,15,boston
42,R_20M98QLZHEKu2JS,Yanny,102,87,20,15,19,15,18,15,5.864864865,4.555555556,6.888888889,4.833333333,6.428571429,6.666666667,5.611111111,110,3,0,0,2,0,0,0,0,0,0,0,3,boston
43,R_20P4SLpah30OuBH,Yanny,96,80,16,14,18,17,15,16,4.648648649,4.555555556,5.444444444,1.5,5,6.333333333,4.055555556,154,14,1,4,3,0,1,1,2,1,0,0,13,boston
44,R_20xhdffJfTof69q,Yanny,89,72,20,19,10,13,10,17,2.216216216,2,1.888888889,1,1.428571429,5.166666667,1.333333333,115,9,1,1,2,0,2,2,1,0,0,0,7,boston
45,R_21bX8xvUt03ihou,Yanny,115,96,20,19,20,17,20,19,5.432432432,4.444444444,6.777777778,4.5,5,6.333333333,5.333333333,146,13,1,1,4,1,1,1,3,0,0,0,12,boston
46,R_21LtWVjbniwTgiu,Laurel,96,83,16,15,19,15,18,13,4.783783784,4.111111111,6.333333333,1.833333333,5.142857143,6,4.444444444,115,16,1,1,1,1,3,5,2,0,1,1,13,boston
47,R_22CPQDqh4jLdui5,Yanny,82,72,12,12,17,17,14,10,4.810810811,5.555555556,6.111111111,2.666666667,4.571428571,4.166666667,4.333333333,123,13,1,1,4,0,4,1,2,0,0,0,9,boston
48,R_22Qo2UjfD2wX1cD,Yanny,104,86,19,19,19,15,14,18,3.72972973,3.666666667,5,1,2.285714286,6.333333333,2.444444444,135,0,0,0,0,0,0,0,0,0,0,0,0,boston
49,R_267ucuTUaRhjKLf,Laurel,47,41,8,8,10,8,7,6,2.27027027,1,4,1,1.571428571,3.666666667,1.444444444,44,26,2,5,5,0,6,1,2,3,1,1,20,boston
50,R_27vruB3cuvIOtPG,Laurel,74,64,18,9,17,8,12,10,2.810810811,1.666666667,5,1,1.428571429,4.666666667,1.111111111,91,13,1,1,2,0,3,2,1,2,0,1,10,boston
51,R_28w7QhHafMD5l0B,Yanny,97,78,20,11,20,14,13,19,3.945945946,3.111111111,5.777777778,1,3.142857143,6.333333333,2.388888889,147,22,4,0,6,0,3,1,5,1,1,0,19,boston
52,R_2AJKtdiNdjmyceZ,Yanny,103,87,20,15,20,20,12,16,5.351351351,5.444444444,6.222222222,5.166666667,4.285714286,5.333333333,5.166666667,129,23,3,0,7,0,4,3,2,3,0,1,19,boston
53,R_2amEfEg6T23UDF3,Laurel,66,58,13,13,16,7,9,8,2.918918919,1.333333333,4.888888889,1.166666667,3.571428571,3.333333333,2.333333333,56,18,3,0,4,0,5,3,1,1,0,0,13,boston
54,R_2BmTr2Ml8qlOJWo,Laurel,91,77,12,15,18,16,16,14,3.783783784,4.222222222,4.888888889,1.666666667,2.714285714,4.833333333,3,131,12,0,3,3,0,3,0,3,0,0,0,9,boston
55,R_2BYucmZUmNYTS4s,Laurel,98,80,12,17,19,18,14,18,4.864864865,5.555555556,5.444444444,3,5.571428571,4,4.722222222,141,15,3,3,1,0,2,1,2,2,0,0,13,boston
56,R_2ckGmXvm0F2EpKV,Yanny,109,92,19,17,20,17,19,17,4.810810811,5.555555556,4.888888889,3.666666667,3.571428571,6.166666667,4.222222222,136,13,1,1,3,1,2,1,4,0,0,0,11,boston
57,R_2CUiuUZ0dc5t5kf,Yanny,81,71,13,18,16,12,12,10,2.621621622,2.111111111,4,1.5,1.571428571,3.666666667,1.666666667,97,23,3,0,5,0,5,2,5,1,1,1,18,boston
58,R_2CWanztdtyagOx7,Laurel,102,86,20,18,18,13,17,16,5.432432432,3.444444444,6.666666667,4.833333333,6.142857143,6.333333333,5.222222222,127,11,2,0,4,0,0,4,1,0,0,0,11,boston
59,R_2czK73EChKLYWNM,Yanny,110,93,18,20,20,20,15,17,5.702702703,5,6.777777778,3.166666667,6.428571429,6.833333333,5.222222222,128,15,1,3,1,0,3,3,1,2,0,1,12,boston
60,R_2djdaXaS34NcI7L,Laurel,114,95,20,20,20,17,18,19,6.027027027,5.333333333,7,3.833333333,6.857142857,6.833333333,5.5,149,3,0,1,0,0,1,1,0,0,0,0,2,boston
61,R_2ebpd8VjdNGNM8K,Yanny,113,95,20,20,19,16,20,18,4.351351351,3.777777778,5.444444444,1.833333333,4.571428571,5.833333333,3.5,145,8,1,0,0,0,2,2,1,2,0,0,6,boston
62,R_2EiWxuLcHnAhamf,Yanny,108,91,18,20,17,19,17,17,4.540540541,4.111111111,5.555555556,2,5,5.666666667,3.888888889,127,3,1,0,0,0,2,0,0,0,0,0,1,boston
63,R_2eOSrhANOO2KtGY,Yanny,90,77,16,15,20,16,10,13,2.594594595,2.888888889,3.333333333,1,1.428571429,4,1.722222222,112,23,3,1,6,0,5,2,4,0,1,1,18,boston
64,R_2eQVfyQcg5lrUs1,Laurel,79,65,13,11,18,12,11,14,2.945945946,3.333333333,3,1,2.285714286,5,1.833333333,91,20,1,1,6,0,4,1,4,2,0,1,16,boston
65,R_2ErOS2tutw1GydG,Yanny,69,63,17,11,17,9,9,6,4,1.777777778,5.888888889,3,3.571428571,6,3.111111111,84,29,3,3,5,0,5,5,4,2,1,1,24,boston
66,R_2fdTCg4LhhJUAFu,Yanny,111,91,17,20,20,14,20,20,4.297297297,4.444444444,5.666666667,1,3.428571429,6.333333333,3.277777778,162,8,2,2,0,0,0,0,1,1,0,1,8,boston
67,R_2fKaIo5f1HG44vZ,Laurel,107,91,19,17,19,18,18,16,4.783783784,4.555555556,4.888888889,2.5,5.571428571,6.333333333,4.111111111,129,11,0,3,2,0,2,3,0,0,0,1,9,boston
68,R_2fplssaBZ6SXBBh,Laurel,103,88,16,17,20,15,20,15,4.783783784,4,5.666666667,3.833333333,4.428571429,6,4.388888889,128,6,3,0,0,0,1,0,0,2,0,0,5,boston
69,R_2fvof4n9X8YQXKC,Yanny,112,92,20,20,20,16,16,20,3.486486486,3,3.777777778,2.333333333,2.428571429,6.166666667,2.555555556,158,25,2,4,1,0,7,2,4,3,1,0,18,boston
70,R_2G9RH6O8Eg9WXaY,Yanny,82,67,16,8,16,14,13,15,3.27027027,3.666666667,2.888888889,2.833333333,1.857142857,5.333333333,2.388888889,110,11,2,1,1,0,2,0,3,2,0,0,9,boston
71,R_2gbiibdTj1ORwBt,Yanny,80,65,17,13,15,7,13,15,3.216216216,2,5.555555556,1.666666667,2,4.5,2,84,11,1,3,0,0,4,0,1,2,0,0,7,boston
72,R_2gcMoTQBauwRrGk,Yanny,79,68,15,11,16,13,13,11,3.189189189,2.777777778,4.444444444,1,2.142857143,5.333333333,2.277777778,86,10,0,1,3,0,3,0,1,2,0,0,7,boston
73,R_2gqghQJyisq9Bs3,Laurel,95,82,18,15,19,15,15,13,3.918918919,3.777777778,5.555555556,1,2.857142857,5.833333333,3.055555556,109,13,1,1,6,1,1,0,3,0,0,0,12,boston
74,R_2Gs103UU5dbmPMn,Laurel,72,62,17,8,13,10,14,10,3.459459459,2.888888889,4.777777778,2.5,1.714285714,5.333333333,2.555555556,83,15,0,0,4,0,5,2,4,0,0,0,10,boston
75,R_2GV0pTM2OfBz2Gv,Yanny,94,80,16,14,20,16,14,14,4.513513514,4.333333333,5.444444444,3.166666667,3.428571429,6,3.888888889,123,16,2,0,3,0,5,3,2,0,0,1,11,boston
76,R_2H60K0kpgApeJ3x,Yanny,94,79,14,16,19,17,13,15,4.486486486,3.666666667,4.666666667,2,6.142857143,6,4,122,9,2,2,1,0,2,1,0,0,0,1,7,boston
77,R_2HdTHu3Xknfqqjv,Yanny,98,80,20,15,16,11,18,18,4.621621622,2.888888889,6,4,4.428571429,6,4.111111111,128,8,1,0,4,0,1,0,0,2,0,0,7,boston
78,R_2hFZpyjTJ9JyeZz,Yanny,102,89,20,19,18,16,16,13,5,4.222222222,6,4.666666667,3.714285714,6.5,4.444444444,96,9,0,0,4,0,1,0,0,3,0,1,8,boston
79,R_2HiSPSsuXAX24yV,Yanny,85,70,12,14,14,16,14,15,4.189189189,4.888888889,4.333333333,3,4.714285714,3.5,3.944444444,120,18,0,2,2,0,4,3,4,1,1,0,14,boston
80,R_2hyB4KcKSJoQ5YO,Laurel,96,81,20,15,20,15,11,15,4.486486486,4.222222222,5.666666667,2.5,3.142857143,6.666666667,3.722222222,110,9,3,0,1,0,1,1,2,0,0,1,8,boston
81,R_2J4TM4rgbzn8wZj,Laurel,38,34,6,11,6,7,4,4,2.567567568,1.222222222,4.555555556,1,3,2.666666667,2,37,27,0,1,9,1,6,2,4,2,0,1,21,boston
82,R_2j800lDgQTZkf8a,Laurel,93,79,18,17,18,12,14,14,3.486486486,2.888888889,4.666666667,1.5,2.714285714,5.5,2.666666667,104,12,2,2,5,0,1,0,0,0,0,1,11,boston
83,R_2jckm6GCvCsmsAR,Yanny,88,72,16,16,15,11,14,16,4.864864865,3.666666667,6,3,6,5.5,4.555555556,129,9,1,1,4,0,1,1,0,0,0,1,8,boston
84,R_2jfzIwoBTjTgCad,Yanny,85,76,16,18,19,12,11,9,2.972972973,2.666666667,4.444444444,1,2.285714286,4,2.055555556,71,12,0,1,2,1,3,0,2,2,0,1,9,boston
85,R_2jPrx7359D3192E,Laurel,83,70,12,15,16,12,15,13,4.351351351,3.444444444,5.333333333,2.833333333,4.857142857,5.166666667,4.055555556,101,5,1,1,1,0,0,0,0,2,0,0,5,boston
86,R_2JUWVkAdCsUfCPR,Laurel,101,86,18,20,17,15,16,15,5.108108108,3.888888889,6.111111111,4.333333333,5.285714286,6,4.944444444,125,7,0,1,3,0,1,1,0,1,0,0,6,boston
87,R_2kdCC6IUIs9Ecqp,Yanny,70,62,12,14,13,9,14,8,3.459459459,2.333333333,5.111111111,1.833333333,3.571428571,4.166666667,2.444444444,70,16,2,0,3,0,6,2,1,1,0,1,10,boston
88,R_2KpHkF8SYsEbq2Q,Laurel,47,41,7,5,12,5,12,6,2.918918919,1.222222222,5.333333333,1.166666667,2.714285714,3.833333333,2.111111111,49,25,2,5,2,1,6,3,3,2,0,0,19,boston
89,R_2kpJa0B3wRWMX2u,Laurel,78,73,13,11,20,15,14,5,4.432432432,1.888888889,7,2.833333333,3.714285714,6.833333333,3.611111111,51,8,1,1,0,0,3,0,3,0,0,0,5,boston
90,R_2mepBWAWKsoEZMt,Yanny,87,75,15,11,17,16,16,12,4.162162162,5.444444444,4,1.833333333,3.857142857,5.166666667,3.277777778,101,10,1,2,2,0,0,1,2,1,0,1,10,boston
91,R_2NDmHkqeu2vYFc5,Yanny,66,59,15,7,17,12,8,7,3,1.666666667,5,1,1.857142857,5.333333333,1.777777778,48,25,2,1,3,1,7,3,5,2,0,1,18,boston
92,R_2NPnlueI902e9e9,Laurel,67,59,12,12,12,12,11,8,3.810810811,2.555555556,4.333333333,3.666666667,5,3.666666667,3.555555556,88,28,2,5,7,0,4,4,3,1,1,0,24,boston
93,R_2O7U8TTCc96VLTo,Laurel,102,92,18,20,20,16,18,10,5.513513514,5.111111111,6.333333333,3.833333333,5.714285714,6.333333333,5.111111111,106,2,0,0,0,0,2,0,0,0,0,0,0,boston
94,R_2oqe7nciAyh9tDj,Laurel,105,92,20,18,20,17,17,13,4.891891892,5.333333333,4.666666667,2.5,5.142857143,6.666666667,4.222222222,136,9,0,0,3,1,1,0,2,2,0,0,8,boston
95,R_2pm6gD0CNfOsUuk,Laurel,70,60,20,10,10,8,12,10,2.297297297,1,3,1,1.857142857,5,1.333333333,76,14,1,2,0,1,5,0,4,0,0,0,9,boston
96,R_2pnjMQPBEsd12uD,Yanny,85,76,14,17,18,15,12,9,3.486486486,3.111111111,4.888888889,1,3,5,2.333333333,74,17,1,1,4,1,3,1,3,2,0,1,14,boston
97,R_2PUJotepm0EDPNN,Yanny,47,39,14,6,9,5,5,8,3.324324324,1.333333333,5.666666667,1.833333333,3.571428571,4,2.666666667,58,23,3,3,3,1,5,2,3,0,0,2,18,boston
98,R_2pxvWcTGN3gWHEl,Laurel,83,71,15,13,17,12,14,12,3.27027027,2,3.444444444,3.666666667,3.285714286,4.5,2.888888889,100,15,1,1,1,0,5,3,2,0,0,1,10,boston
99,R_2qeY1aKEyn5yFtJ,Yanny,95,82,16,13,19,17,17,13,4.459459459,4.555555556,5.111111111,1.666666667,5.142857143,5.333333333,3.833333333,130,20,0,2,3,0,6,2,4,1,1,1,14,boston
100,R_2Qs9iWNMlBIzn3z,Laurel,60,50,7,13,10,12,8,10,3.324324324,3.333333333,3.777777778,2,3.857142857,3.333333333,3.055555556,82,24,2,2,4,0,6,5,3,1,0,0,18,boston
101,R_2qu3VDKwPY7uEcV,Laurel,80,69,16,14,17,13,9,11,3.432432432,3.444444444,4.222222222,1.166666667,2.428571429,5.666666667,2.166666667,108,19,4,1,2,1,5,1,1,2,1,0,14,boston
102,R_2Qygp9EelcX7x8k,Yanny,98,80,15,12,18,16,19,18,5.486486486,5.222222222,5.777777778,4.666666667,6.428571429,5.166666667,5.277777778,129,10,1,2,3,0,3,1,0,0,0,0,7,boston
103,R_2RjcTmbanw8z6hz,Laurel,76,71,10,19,16,13,13,5,2.891891892,1.777777778,4.333333333,2.333333333,2.714285714,3.166666667,2.166666667,69,5,0,0,2,0,1,0,2,0,0,0,4,boston
104,R_2rvHhslfj3u4g6O,Yanny,110,94,18,18,19,19,20,16,4.243243243,4.111111111,4.333333333,2.5,5.142857143,5,4.166666667,136,10,0,3,1,0,2,1,1,0,1,0,8,boston
105,R_2RVUQypE3DeUkL5,Laurel,106,91,19,19,20,16,17,15,4.135135135,3.555555556,6,2.666666667,2.714285714,5.333333333,3.388888889,113,12,0,0,5,0,3,2,0,1,0,1,9,boston
106,R_2shymaO0Q94c7S9,Laurel,65,59,17,5,17,11,9,6,2.054054054,1.555555556,2.444444444,1,1.428571429,4,1,70,13,1,0,2,0,5,1,2,2,0,0,8,boston
107,R_2tKY8AxKQ4szkJn,Laurel,109,89,20,20,20,15,14,20,4.486486486,3.444444444,5.666666667,1.166666667,5,7,3.722222222,158,5,0,2,0,0,1,1,1,0,0,0,4,boston
108,R_2UqRv9D2exjNftT,Yanny,113,95,20,20,20,17,18,18,5.135135135,4.555555556,6.666666667,2,5.285714286,6.666666667,4,150,1,1,0,0,0,0,0,0,0,0,0,1,boston
109,R_2V9hxQtmSJYwRyg,Yanny,83,67,11,10,18,15,13,16,2.594594595,2.444444444,3,1.833333333,1.714285714,4,1.5,104,21,0,1,3,0,4,3,6,2,0,1,17,boston
110,R_2V9N9zFATidhWMN,Yanny,107,90,18,17,18,18,19,17,4.891891892,5,5,4.833333333,3.285714286,6.5,4.888888889,128,3,0,0,1,0,1,0,0,0,0,1,2,boston
111,R_2Vbx0lsUlKO4zPr,Yanny,92,77,10,20,18,15,14,15,3.891891892,4.555555556,3.888888889,2.333333333,3.285714286,5.166666667,3.055555556,103,4,0,1,2,0,1,0,0,0,0,0,3,boston
112,R_2wHalnKxf9towbj,Yanny,91,73,18,10,19,13,13,18,5.513513514,5,6.888888889,5,3.857142857,6.666666667,4.944444444,133,11,2,2,3,0,3,0,1,0,0,0,8,boston
113,R_2Wx3O1pEXReiQOh,Laurel,58,46,13,5,9,9,10,12,3.621621622,2.111111111,5.777777778,2,2.714285714,5.333333333,2.666666667,85,14,0,0,4,0,5,1,1,1,0,1,9,boston
114,R_2Y0FGFIIlQOWtB7,Yanny,109,95,19,20,20,19,17,14,5.567567568,5.666666667,5.888888889,3.833333333,5.857142857,6.333333333,5.333333333,109,8,1,0,1,1,1,0,1,2,0,0,7,boston
115,R_2y7qxbuwjS1eSIA,Yanny,84,72,13,14,15,18,12,12,4.297297297,3.888888889,5.111111111,2.333333333,4.857142857,5,3.722222222,104,14,3,0,2,0,4,1,1,2,0,1,10,boston
116,R_2zClipY4ifLOrrk,Yanny,95,83,17,19,18,14,15,12,4.162162162,4,4.444444444,2.5,4.285714286,5.5,3.277777778,115,18,3,1,3,1,4,2,2,2,0,0,14,boston
117,R_2zkF5ejb8s3PsMM,Laurel,98,87,20,20,20,15,12,11,4.243243243,3.777777778,5.333333333,2.833333333,4.714285714,4.166666667,3.722222222,121,9,3,0,1,0,1,1,2,0,0,0,8,boston
118,R_2zToeA7yNzBrO1U,Laurel,77,72,15,15,16,13,13,5,2.648648649,1.666666667,3.555555556,1.333333333,2,4.833333333,1.555555556,73,10,1,0,3,1,3,0,0,2,0,0,7,boston
119,R_2ZUMDJQD5psP7vr,Yanny,99,87,20,14,20,15,18,12,5.486486486,3.888888889,5.888888889,5.666666667,6.428571429,6,5.222222222,117,16,2,0,3,1,3,0,5,2,0,0,13,boston
120,R_30AxVcbNXbsZGAj,Laurel,102,88,18,19,20,17,14,14,3.513513514,4.777777778,3.222222222,1.666666667,2.714285714,4.833333333,2.777777778,120,17,0,6,3,0,3,2,1,1,0,0,14,boston
121,R_30dxqGy3HOLwlAT,Yanny,114,95,20,20,20,15,20,19,5.351351351,5.222222222,5.222222222,4.666666667,6.142857143,5.5,5.055555556,159,10,0,2,1,0,3,0,2,1,0,1,7,boston
122,R_30JmyviyooXgx6A,Laurel,80,70,15,15,16,12,12,10,3.513513514,2.777777778,4.888888889,1.666666667,3.571428571,4.333333333,2.722222222,91,22,1,2,4,0,6,1,3,3,1,1,16,boston
123,R_31LHeD9D8uGULpn,Yanny,112,93,20,20,19,17,17,19,4.459459459,4.555555556,5.666666667,1.666666667,3.285714286,6.666666667,3.111111111,146,5,1,1,1,0,0,1,0,0,0,0,5,boston
124,R_32lUa1NU74ooNej,Laurel,111,93,20,20,20,16,17,18,4.216216216,4.666666667,4,1.166666667,4.428571429,6.666666667,3.722222222,158,14,2,1,4,1,2,0,1,2,0,0,12,boston
125,R_32QDPvDNbBJEWiy,Yanny,75,64,16,9,16,15,8,11,3.783783784,2.444444444,5.777777778,2.666666667,3,4.833333333,3.166666667,95,17,1,3,3,0,6,1,3,0,0,0,11,boston
126,R_34Ej6A4wQyz1Oo1,Yanny,54,48,6,7,15,14,6,6,3.486486486,3,5.111111111,2.666666667,2.428571429,3.833333333,2.722222222,55,14,1,0,3,0,5,0,1,2,0,1,9,boston
127,R_34GcjF78duDEIpf,Laurel,120,100,20,20,20,20,20,20,5.918918919,5.555555556,7,3,6.571428571,7,5.666666667,166,18,1,3,4,0,3,2,2,2,1,0,15,boston
128,R_35AdQfLWSM6VxQg,Laurel,107,91,19,18,19,19,16,16,5,5.444444444,6,1.5,4.714285714,6.666666667,3.888888889,138,2,0,0,1,0,0,0,1,0,0,0,2,boston
129,R_37XyOdUUymJQPfz,Yanny,96,79,19,16,18,14,12,17,4.378378378,3.888888889,5.333333333,1,5,6.333333333,3.222222222,137,10,0,3,2,0,3,0,1,1,0,0,7,boston
130,R_3a8yLXQdoDn58TD,Yanny,62,53,14,20,5,9,5,9,2.513513514,1.111111111,5.111111111,1,2.285714286,2.5,1.666666667,49,22,1,0,4,0,6,1,6,3,1,0,16,boston
131,R_3BMDIqi3f3VUdnb,Yanny,98,85,18,20,16,15,16,13,5.135135135,4.555555556,5.777777778,4.833333333,4.857142857,5.666666667,4.888888889,109,4,1,1,0,0,1,0,1,0,0,0,3,boston
132,R_3Bo3qTuUl8gtBZm,Yanny,86,71,18,6,20,15,12,15,3.324324324,3.222222222,4.888888889,1.166666667,1.714285714,5.166666667,2.388888889,88,20,3,1,6,1,3,0,2,2,1,1,17,boston
133,R_3C7TnbDC83ssGdP,Yanny,107,93,20,20,20,15,18,14,4.351351351,2.666666667,5.444444444,1,6.142857143,6.5,3.722222222,138,10,3,0,4,0,0,0,1,2,0,0,10,boston
134,R_3Cl483dVOpQ4fTp,Yanny,92,80,13,19,20,16,12,12,4.324324324,3.777777778,5.888888889,1,4.142857143,6.333333333,3.611111111,108,15,1,0,6,1,1,0,3,2,0,1,14,boston
135,R_3DBDRHAIuRDZ5s8,Laurel,91,76,13,16,18,17,12,15,3.945945946,3.444444444,4.777777778,2,4.714285714,4.5,3.611111111,123,13,2,0,2,1,3,1,1,2,0,1,10,boston
136,R_3Eoae121FF4JEvl,Yanny,95,80,18,17,19,13,13,15,4.675675676,3.444444444,5.666666667,3,5.285714286,6,4.333333333,127,11,0,1,1,0,3,2,3,1,0,0,8,boston
137,R_3fAntSgUdBR2jCx,Yanny,108,92,19,20,19,17,17,16,4.891891892,4.555555556,6,2.166666667,4.714285714,6.666666667,4.111111111,133,4,1,0,1,0,2,0,0,0,0,0,2,boston
138,R_3FeNr1BnAkCEktb,Yanny,107,88,15,20,20,17,16,19,4.324324324,4.777777778,6.555555556,1.166666667,1.857142857,6.333333333,3.111111111,140,8,0,0,2,0,3,1,0,1,0,1,5,boston
139,R_3fNSEQhjSeWpQAf,Yanny,68,53,4,12,12,12,13,15,2.945945946,2,4.888888889,1,2.857142857,3.5,2,87,13,0,2,5,0,2,1,0,2,0,1,11,boston
140,R_3FRkEdhOHAj7LU2,Yanny,93,77,16,16,16,15,14,16,4.081081081,4.111111111,4.888888889,1.5,4.142857143,5.333333333,3.222222222,110,9,1,0,3,0,2,0,0,2,0,1,7,boston
141,R_3fuGRxSxEVRjRVu,Yanny,100,92,20,17,20,19,16,8,5.162162162,5.444444444,6.888888889,1,4.857142857,6.666666667,4.388888889,95,5,0,1,1,0,2,0,1,0,0,0,3,boston
142,R_3g25jImEAzrt1P2,Laurel,108,88,20,18,20,15,15,20,5.540540541,4.888888889,6.888888889,2,6.428571429,7,4.722222222,144,3,0,0,1,0,1,0,1,0,0,0,2,boston
143,R_3g5BlJRANvrRVIu,Yanny,112,96,20,19,20,19,18,16,5.594594595,5.444444444,7,2.833333333,5.285714286,6.833333333,4.777777778,122,1,0,0,0,0,0,0,0,1,0,0,1,boston
144,R_3GdGBXwe6OoULte,Laurel,107,87,18,15,20,14,20,20,4.378378378,4.777777778,4.111111111,3.666666667,4.714285714,4.5,4,147,27,1,3,4,1,4,6,4,1,1,2,23,boston
145,R_3hcNxgFhd6VdcEH,Laurel,57,50,12,15,7,8,8,7,2.675675676,1,5.444444444,1,1.571428571,4,1.444444444,62,21,3,2,4,0,8,3,0,1,0,0,13,boston
146,R_3iIrm62YJ12blkD,Yanny,106,90,20,19,19,17,15,16,4.459459459,3.444444444,4.777777778,4.166666667,4.571428571,5.666666667,4.166666667,142,4,0,0,1,1,1,0,0,0,0,0,3,boston
147,R_3Ish8rpJjZ9At8d,Yanny,107,99,20,20,20,20,19,8,4.189189189,4.444444444,3.777777778,2.666666667,5,5,4.166666667,109,8,0,1,2,0,2,2,1,0,0,0,6,boston
148,R_3ixqZS6P0VwbBOw,Yanny,85,75,11,16,20,12,16,10,3.513513514,3.111111111,4.777777778,2,3,4.333333333,2.833333333,88,21,4,1,4,1,4,0,5,2,0,0,17,boston
149,R_3IY0rzENNxbk1OO,Laurel,43,39,11,5,9,5,9,4,1.540540541,1,1.666666667,1,1.571428571,2.666666667,1.166666667,46,8,0,0,3,0,3,0,1,1,0,0,5,boston
150,R_3J6vbV8dygitvMJ,Yanny,98,81,17,14,20,12,18,17,4.513513514,4.555555556,4.666666667,2.5,4.428571429,6.333333333,4.277777778,136,19,2,3,4,1,2,0,3,2,0,1,17,boston
151,R_3kuF7TV2081VCmV,Yanny,59,55,14,8,14,12,7,4,2.675675676,1.777777778,4.333333333,1.833333333,1.571428571,3.666666667,1.944444444,57,22,2,1,4,1,5,1,4,2,0,1,17,boston
152,R_3lPmXiGS8gA3SOE,Yanny,86,70,19,11,20,11,9,16,3.702702703,3.444444444,4.444444444,2.333333333,2.857142857,5.333333333,3.222222222,113,31,2,3,7,0,6,2,7,3,0,1,25,boston
153,R_3lS1tiltdP7zlLj,Laurel,104,90,17,18,20,19,16,14,5.675675676,6.111111111,6.111111111,4.166666667,5.428571429,6.166666667,5.222222222,145,4,1,0,0,1,0,0,1,0,0,1,4,boston
154,R_3m4NY3tIJT7g8BE,Yanny,108,89,20,20,20,14,15,19,4.486486486,4.888888889,4.555555556,1.833333333,5,5.833333333,3.777777778,128,12,4,0,5,0,1,0,2,0,0,0,11,boston
155,R_3o6xD1u4wg5juVB,Yanny,79,70,14,14,16,14,12,9,3.135135135,2.666666667,3.777777778,1.5,3.428571429,4.166666667,2.611111111,76,23,2,3,5,0,5,1,5,2,0,0,18,boston
156,R_3Oai0KcR8gU3MMV,Yanny,96,87,20,20,19,13,15,9,4.27027027,2.888888889,5.111111111,1.833333333,5.714285714,5.833333333,3.333333333,98,4,0,1,1,1,0,0,0,1,0,0,4,boston
157,R_3ou6bhvNO1VAfoh,Laurel,93,82,17,16,20,16,13,11,4.135135135,3.777777778,6,1,3.142857143,6.166666667,2.722222222,107,8,1,1,1,0,3,0,1,1,0,0,5,boston
158,R_3ov2eQnLYyIGuGJ,Laurel,100,88,18,20,20,16,14,12,4.243243243,4.888888889,4.444444444,2.166666667,3.428571429,6,3.555555556,99,13,0,1,5,0,3,1,2,0,0,1,10,boston
159,R_3OZijobwbaOsyOy,Laurel,76,67,14,13,17,11,12,9,3.837837838,2.333333333,5.444444444,3.666666667,4,3.666666667,3.555555556,54,16,1,1,5,1,4,2,2,0,0,0,12,boston
160,R_3pMQCpuuwdRaRGd,Yanny,104,92,20,18,20,16,18,12,4.513513514,4.555555556,4.666666667,4.166666667,3.142857143,6.166666667,3.888888889,80,3,0,1,1,0,1,0,0,0,0,0,2,boston
161,R_3pSqYiAjUdO7qru,Laurel,101,88,17,18,20,14,19,13,4.918918919,4,6.444444444,1.833333333,5.857142857,6,4.5,121,12,2,1,3,0,1,2,1,2,0,0,11,boston
162,R_3PZQh9TicxyeWHn,Yanny,89,73,16,14,17,13,13,16,4.378378378,2.777777778,5.555555556,3.833333333,4.428571429,5.5,3.944444444,125,11,0,1,3,1,3,0,1,0,0,1,8,boston
163,R_3qNNbuiaAiZ5GCZ,Yanny,96,88,20,20,20,16,12,8,3.918918919,3.555555556,4.777777778,1,4.428571429,5.5,3.055555556,118,6,1,0,1,0,1,0,0,2,0,0,5,boston
164,R_3qOHnxQNQOZOxzw,Yanny,94,78,15,15,20,16,12,16,3.027027027,3.111111111,2.444444444,1.166666667,3.142857143,5.5,2.055555556,103,15,3,0,3,1,1,2,2,2,0,0,14,boston
165,R_3qrJQhuy39xmE2U,Yanny,95,83,18,19,20,14,12,12,4.378378378,4.111111111,4.777777778,3,4.571428571,5.333333333,3.833333333,79,7,0,1,3,0,2,0,0,0,0,0,5,boston
166,R_3Qy7bOhDEomTxTJ,Yanny,101,82,20,11,20,17,14,19,4.216216216,4.777777778,6.222222222,1,1.571428571,6.666666667,2.833333333,132,6,0,0,1,0,3,1,1,0,0,0,3,boston
167,R_3r1FgfDBYucYHZO,Yanny,107,90,19,20,19,14,18,17,5.324324324,3.777777778,7,3.5,5.285714286,7,5.055555556,141,6,2,0,0,1,0,0,0,2,0,0,6,boston
168,R_3r9fu92a52HJOcP,Laurel,77,63,10,13,14,11,15,14,3.918918919,3.666666667,3.666666667,2,5.428571429,4.833333333,4.166666667,114,28,1,3,5,1,3,5,5,2,1,2,25,boston
169,R_3RohiLOkeYEDDzz,Laurel,97,89,17,19,20,15,18,8,5.162162162,4.333333333,5.888888889,4.666666667,5.142857143,5.833333333,5.111111111,77,4,1,0,2,0,0,0,0,0,0,1,4,boston
170,R_3rOQG7aKSlJoatS,Yanny,105,86,20,18,20,16,12,19,4.162162162,4,5.333333333,1.833333333,2.857142857,6.5,3.111111111,146,0,0,0,0,0,0,0,0,0,0,0,0,boston
171,R_3RwMKKmHwVym5s3,Yanny,91,78,16,18,17,14,13,13,3.135135135,3.111111111,3.666666667,1.166666667,2.714285714,4.833333333,2.333333333,112,2,0,0,0,0,2,0,0,0,0,0,0,boston
172,R_3ssPy37tbYHzawJ,Laurel,94,76,17,15,17,16,11,18,4.054054054,3.555555556,4.444444444,3.5,4.142857143,4.666666667,3.888888889,142,24,3,2,1,0,7,4,3,3,0,0,17,boston
173,R_3Ubf5t6GnRNsejO,Laurel,116,97,20,20,20,18,19,19,5.864864865,5.888888889,6.555555556,3.333333333,6.142857143,7,5.166666667,150,4,0,2,0,1,1,0,0,0,0,0,3,boston
174,R_3umF8emyv55304N,Yanny,80,67,12,7,16,17,15,13,4.486486486,3.333333333,6.111111111,3.666666667,4.142857143,5,3.888888889,94,24,2,2,4,0,5,2,4,3,1,1,19,boston
175,R_3UQye3y9MXlLLwd,Yanny,94,80,18,15,20,12,15,14,3.756756757,4.333333333,4.333333333,1.333333333,4,4.166666667,3.333333333,105,16,1,1,4,1,4,0,4,1,0,0,12,boston
176,R_3v6LWVofOBCFDMA,Yanny,98,79,15,14,20,15,15,19,5.621621622,4.333333333,6.888888889,3.833333333,6,7,5.166666667,134,5,1,1,2,0,0,0,1,0,0,0,5,boston
177,R_3VrWgOq5aoo6U5n,Yanny,58,49,8,15,9,8,9,9,3.324324324,3.777777778,3.444444444,2.333333333,3.285714286,3.5,2.944444444,56,9,1,1,2,0,4,1,0,0,0,0,5,boston
178,R_3W289X045Jd7oRj,Laurel,114,94,19,20,20,15,20,20,5.756756757,4.888888889,6.777777778,5.666666667,5.428571429,6,5.5,165,4,2,0,1,0,0,0,1,0,0,0,4,boston
179,R_3X57tTBugCpPEv2,Yanny,112,97,20,17,20,20,20,15,5.459459459,6.333333333,6.666666667,1,5.285714286,7,4.333333333,137,9,0,0,3,0,5,0,1,0,0,0,4,boston
180,R_3XH0ooG0sjqITnP,Laurel,83,69,11,17,17,15,9,14,3.27027027,2.777777778,4.555555556,1.166666667,2.857142857,4.666666667,2.111111111,94,23,2,2,4,1,4,2,7,0,0,1,19,boston
181,R_3Y8FTTKviktyz18,Yanny,65,59,11,14,16,6,12,6,3.783783784,2.444444444,5.555555556,2.333333333,3.285714286,5.166666667,2.944444444,72,23,0,1,6,1,4,4,4,1,0,2,19,boston
182,R_3YiavcNfa0RsbXA,Yanny,98,82,19,13,18,15,17,16,5.621621622,5.222222222,6.333333333,6,4.285714286,6.333333333,5.555555556,123,6,0,0,3,0,0,0,1,2,0,0,6,boston
183,R_3z8ZYt9D7wZj5l5,Yanny,93,82,20,12,20,16,14,11,3.297297297,3.666666667,3,2.333333333,1.857142857,5.833333333,2.444444444,106,9,0,2,1,0,5,0,1,0,0,0,4,boston
184,R_3zF7mENRV5GEwPD,Laurel,111,99,19,20,20,20,20,12,4.567567568,6.111111111,3.444444444,3.666666667,3.142857143,6.5,4.388888889,93,24,2,3,3,0,5,4,2,3,1,1,19,boston
185,R_41gIm5YscdHblwJ,Laurel,96,82,20,20,20,12,10,14,3.135135135,1.666666667,3.555555556,2,3.857142857,5,2.611111111,106,8,0,0,3,0,2,0,1,2,0,0,6,boston
186,R_42LvdZaXCgZ7ZEw,Yanny,111,91,19,20,20,16,16,20,5.540540541,6.111111111,5,4.833333333,5.714285714,6,5.277777778,167,29,2,3,9,1,3,5,4,0,0,2,26,boston
187,R_442ScwZki1kT55G,Yanny,101,89,19,20,20,16,14,12,4.702702703,4.333333333,5.333333333,1.166666667,5.857142857,6.5,3.944444444,112,7,1,0,1,0,4,0,1,0,0,0,3,boston
188,R_446Ep6xJEF6ILr9,Yanny,94,82,20,16,17,13,16,12,4.405405405,3,4.888888889,4.333333333,4.428571429,5.833333333,4.166666667,101,16,1,1,6,1,4,0,2,0,0,1,12,boston
189,R_4a8IbeHTJkqgLe1,Yanny,92,76,18,10,19,16,13,16,4.135135135,3.777777778,4.111111111,2.666666667,4.428571429,5.833333333,3.444444444,130,15,1,1,3,1,2,1,3,2,0,1,13,boston
190,R_4DCIOFQ9BZFklP2,Yanny,103,87,18,17,18,19,15,16,4.243243243,4.333333333,4.555555556,2.166666667,4.714285714,5.166666667,3.777777778,118,10,0,0,1,0,5,1,2,1,0,0,5,boston
191,R_4nN5lzRSZPgibXH,Yanny,93,78,15,15,20,14,14,15,4.108108108,4.111111111,4.777777778,3.5,3,5,3.333333333,123,12,1,1,5,0,1,1,1,1,0,1,11,boston
192,R_4OiDn2uxaocBPzI,Laurel,96,83,15,17,18,18,15,13,4.486486486,4.111111111,5.333333333,2.5,4.285714286,6,4.166666667,113,16,1,4,2,1,3,1,1,0,1,1,13,boston
193,R_4ovqn1RDtHAtsyt,Yanny,114,96,16,20,20,20,20,18,5.378378378,3.888888889,6.555555556,5,6.285714286,5.166666667,4.888888889,141,9,0,1,5,0,1,0,1,1,0,0,8,boston
194,R_4wQVi6sDpS78i8S,Yanny,94,87,11,19,20,18,19,7,3.297297297,3.111111111,4.111111111,1.333333333,3.285714286,4.333333333,2.5,102,10,1,1,3,0,4,0,1,0,0,0,6,boston
195,R_50qEDYlixG7CGE6,Laurel,39,35,9,9,8,5,4,4,1.810810811,1.111111111,2.444444444,1.333333333,1.571428571,2.666666667,1.166666667,41,25,1,3,7,0,4,2,5,0,1,1,21,boston
196,R_51jl1Vqsxdj7OaJ,Yanny,74,65,18,6,16,11,14,9,3.594594595,2.555555556,5.444444444,1,4.285714286,4.166666667,2.777777778,68,12,0,0,1,0,6,1,4,0,0,0,6,boston
197,R_52JiWa30eGuQxQb,Yanny,72,63,9,17,15,12,10,9,1.675675676,1.333333333,2.333333333,1.5,1.428571429,1.666666667,1.333333333,59,17,0,2,4,0,4,1,0,3,1,1,13,boston
198,R_53X2ENZP8N1ilVV,Yanny,88,71,15,11,15,15,15,17,4.756756757,3.222222222,5.777777778,3.833333333,6,5,4.666666667,114,15,0,1,3,1,4,1,2,2,0,1,11,boston
199,R_53xJbxjguuhIS0J,Yanny,70,62,11,9,20,13,9,8,2.918918919,3.666666667,2.666666667,1.5,1.857142857,4.833333333,2.166666667,81,9,0,0,4,0,3,0,2,0,0,0,6,boston
200,R_54is6YpVG92a5wa,Yanny,97,83,15,16,17,16,19,14,5.351351351,4.888888889,6.222222222,5.166666667,4.571428571,5.833333333,5.277777778,126,3,1,0,1,0,0,0,0,1,0,0,3,boston
201,R_56bxT7y7ljShk4L,Laurel,115,97,19,20,20,18,20,18,6.081081081,6.111111111,6.555555556,3.833333333,6.571428571,7,5.611111111,155,4,1,0,0,0,0,0,0,2,0,0,4,boston
202,R_5772wGWAsqWXafa,Yanny,41,36,7,6,8,7,8,5,2.297297297,1.444444444,4.222222222,1,1.428571429,3,1.555555556,50,25,1,0,6,0,6,0,8,2,1,0,19,boston
203,R_58RsHVkXDsNvqGl,Yanny,66,59,14,10,13,9,13,7,3.243243243,2.444444444,4.222222222,1.5,3.285714286,4.666666667,2.444444444,64,13,4,0,3,1,1,1,3,0,0,0,12,boston
204,R_58UvKsuhmonuzrp,Yanny,109,90,18,19,20,17,16,19,5.378378378,4.666666667,5.777777778,4.166666667,5.857142857,6.5,4.833333333,149,7,2,0,3,0,0,0,0,0,0,1,7,boston
205,R_5aADUBwBGvizkJz,Laurel,84,69,16,11,14,12,16,15,4.675675676,4.888888889,4.777777778,4,4.428571429,5.166666667,4.722222222,127,7,0,0,5,0,1,0,0,1,0,0,6,boston
206,R_5BOVbuViJTqYT0L,Laurel,106,86,18,15,20,16,17,20,5.864864865,5.111111111,6.777777778,3.666666667,7,6.5,5.833333333,148,9,1,0,3,0,1,0,2,1,0,1,8,boston
207,R_5CEpirOhwHvZNNn,Laurel,65,58,11,6,16,14,11,7,2.918918919,2.333333333,3.222222222,2.833333333,3.571428571,2.666666667,3,76,32,0,2,8,0,5,6,6,2,1,2,27,boston
208,R_5CjQFUtlvpzkvVw,Laurel,83,74,15,19,15,13,12,9,4.054054054,3.222222222,5.555555556,1.166666667,4.571428571,5.333333333,3.222222222,89,12,1,0,5,1,3,0,2,0,0,0,9,boston
209,R_5cY59OJwijOnqCE,Yanny,98,83,15,19,20,16,13,15,3.324324324,3,3.666666667,2.166666667,2.714285714,5.166666667,2.777777778,116,15,0,1,3,1,3,2,3,2,0,0,12,boston
210,R_5dMRJuCaKzZk0rM,Laurel,42,36,6,6,8,9,7,6,2.756756757,1.666666667,5,1.833333333,2.571428571,2.166666667,2.222222222,58,22,1,2,3,0,8,4,3,0,0,1,14,boston
211,R_5Dq3ozQeRgyOyRK,Yanny,74,65,12,17,11,11,14,9,2.621621622,1.444444444,3.777777778,1.666666667,3.285714286,2.833333333,2.444444444,72,12,2,2,1,1,2,3,0,1,0,0,10,boston
212,R_5dS8xizMsZ2A3WC,Laurel,102,87,16,19,17,17,18,15,4.972972973,4.666666667,6.888888889,1,4.571428571,7,3.944444444,123,9,0,1,4,1,1,0,0,2,0,0,8,boston
213,R_5eCsfhfPQNVJB6M,Laurel,105,89,16,17,20,18,18,16,5.108108108,4.777777778,5.333333333,3.166666667,6.142857143,6,4.944444444,128,12,0,2,2,1,2,3,1,0,0,0,10,boston
214,R_5edU0riXjx8lVMH,Yanny,66,58,8,8,16,18,8,8,3.702702703,3.666666667,5.111111111,1.833333333,3.428571429,3.833333333,2.944444444,66,27,2,0,6,0,6,5,4,2,0,1,21,boston
215,R_5fCj8TjhaARd3RT,Yanny,77,70,16,17,16,10,11,7,3.378378378,1.555555556,5.111111111,2.166666667,4.428571429,3.5,3.111111111,65,28,3,4,7,1,7,1,4,0,0,0,21,boston
216,R_5FKxi41AaM72ki2,Laurel,84,74,20,11,19,15,9,10,3.810810811,4.222222222,6,1,1.857142857,5,2.5,76,16,0,0,4,1,4,1,3,1,1,1,12,boston
217,R_5fvT75Xc2YemT0e,Laurel,92,76,16,14,16,15,15,16,4.918918919,4.444444444,4.666666667,5.333333333,5,5.5,4.722222222,133,7,4,0,0,1,1,0,0,0,0,0,6,boston
218,R_5FxGTNXDh4UhPWz,Laurel,94,75,14,18,17,14,12,19,4.378378378,4,5.111111111,2.333333333,4,6.333333333,3.444444444,143,23,2,1,6,0,6,1,2,3,0,1,17,boston
219,R_5g6plKWUQlCfIY1,Yanny,103,85,19,17,19,12,18,18,4.675675676,3,5.111111111,5.166666667,5.142857143,5.5,4.388888889,144,11,0,2,3,0,2,1,1,2,0,0,9,boston
220,R_5GJ45FMf95KFP9L,Yanny,113,95,20,20,20,20,15,18,5.918918919,6.666666667,7,1.833333333,6.285714286,6.833333333,5.277777778,146,5,2,0,0,0,0,0,1,1,0,0,5,boston
221,R_5hDCne6rbrXPreN,Yanny,82,70,14,17,18,15,6,12,3.351351351,2.666666667,5.111111111,1.833333333,1.857142857,5,2.166666667,80,7,0,0,0,0,3,0,1,2,0,1,4,boston
222,R_5HivoHSZoAqg8iA,Laurel,108,88,20,19,20,16,13,20,5.162162162,4.555555556,6.444444444,4.166666667,3.571428571,7,4.555555556,162,18,0,1,6,0,4,2,4,0,0,1,14,boston
223,R_5HWjH4uBLXza8rn,Laurel,104,89,19,17,19,16,18,15,3.648648649,4.222222222,4.555555556,1.166666667,3,4.666666667,2.833333333,126,10,0,2,3,0,2,1,1,1,0,0,8,boston
224,R_5ieS1QJeGa5RK5b,Yanny,79,69,9,14,16,16,14,10,3.567567568,4.333333333,4.444444444,1,2.285714286,5.166666667,2.5,87,17,2,3,1,0,4,0,4,1,0,1,13,boston
225,R_5ikIaEXDYK36hkl,Laurel,112,95,20,18,20,20,17,17,4.783783784,5.333333333,4.888888889,3.333333333,3.857142857,6.333333333,4.222222222,151,2,1,0,1,0,0,0,0,0,0,0,2,boston
226,R_5K1qxLqigt19508,Yanny,82,71,14,15,15,13,14,11,5.189189189,3.333333333,5.555555556,5.666666667,6.285714286,5.666666667,5.055555556,99,11,1,0,4,1,2,0,1,2,0,0,9,boston
227,R_5k6qkXJ30pXiYXm,Laurel,95,82,15,18,19,15,15,13,4.054054054,4,4.111111111,3.666666667,4.142857143,4.333333333,3.888888889,119,14,1,3,0,0,4,0,3,1,0,1,10,boston
228,R_5kH8ZPlKOq0qilr,Laurel,90,77,12,18,17,14,16,13,4.405405405,4.888888889,4.222222222,2.833333333,4.714285714,5.166666667,3.722222222,106,27,1,4,2,0,7,7,2,3,1,0,20,boston
229,R_5mjIQR2UcZBQpDs,Yanny,97,83,15,18,19,16,15,14,4.405405405,4.222222222,5.555555556,1.666666667,4.428571429,5.666666667,4,119,9,1,0,0,0,0,3,1,2,0,1,9,boston
230,R_5n0YoU7ynKVCgLF,Yanny,110,95,20,20,19,19,17,15,5.378378378,6.111111111,6.555555556,2.5,4.571428571,6.333333333,4.333333333,133,19,3,0,2,1,5,2,2,3,0,1,14,boston
231,R_5NUd2r7KnRtnBvP,Yanny,108,91,17,18,20,20,16,17,3.702702703,4.111111111,5,1.333333333,2.428571429,5,2.611111111,118,7,0,0,1,1,3,0,2,0,0,0,4,boston
232,R_5PbwHsu44MkMRCN,Yanny,104,85,13,20,20,16,16,19,3.72972973,1.666666667,6.111111111,1,3.571428571,6.166666667,2.611111111,134,11,1,0,5,0,1,3,1,0,0,0,10,boston
233,R_5plJPl8fHDuSkiV,Laurel,74,63,14,8,15,14,12,11,3.891891892,3.444444444,5.222222222,1.833333333,3.571428571,5,3.166666667,92,22,1,0,8,0,4,0,4,3,1,1,18,boston
234,R_5ql3fFVjw1EdOKp,Yanny,108,91,18,18,20,15,20,17,4.351351351,4,4.555555556,2.5,4.428571429,6.333333333,3.722222222,143,0,0,0,0,0,0,0,0,0,0,0,0,boston
235,R_5QNWyg0NcTuF2SJ,Laurel,112,92,18,18,20,19,17,20,5.675675676,5.333333333,6,5.166666667,5.285714286,6.666666667,5.5,157,3,0,1,0,0,1,0,1,0,0,0,2,boston
236,R_5QVJmCMBV6yy7uh,Yanny,87,71,16,12,18,12,13,16,3.810810811,3.444444444,4.888888889,1.166666667,3.857142857,5.333333333,3,131,11,0,0,5,0,1,1,3,0,0,0,10,boston
237,R_5QWFpiVPWK7RiTC,Yanny,97,80,14,18,16,15,17,17,4.027027027,4,4.333333333,2,4.428571429,5.166666667,3.555555556,135,5,0,1,0,1,2,0,1,0,0,0,3,boston
238,R_5R1vjOlSfgmiAOo,Yanny,66,57,10,11,14,13,9,9,2.72972973,2.555555556,3.666666667,1,2.142857143,4,1.833333333,63,27,1,2,6,0,7,3,3,3,1,1,20,boston
239,R_5R9b33Dt6HA4tqL,Yanny,85,76,16,16,16,12,16,9,4.405405405,3,5.444444444,3,5.142857143,5.5,4,95,22,2,0,3,0,6,2,7,2,0,0,16,boston
240,R_5rGLAEnRAUQxecG,Laurel,84,71,17,13,15,13,13,13,4,4,4.333333333,3.5,4,4,3.722222222,107,31,3,4,2,0,8,5,4,2,1,1,23,boston
241,R_5rZPj0p2gYmit7E,Yanny,88,84,16,20,20,17,11,4,2.783783784,1.666666667,3.111111111,1.166666667,3.857142857,4.333333333,2.055555556,55,18,1,3,5,0,2,3,1,1,0,2,16,boston
242,R_5S979eKxlqchbEQ,Yanny,79,64,11,12,17,13,11,15,3.378378378,3.111111111,4.333333333,2,2.714285714,4.5,2.888888889,116,14,0,0,4,0,3,0,3,2,1,0,11,boston
243,R_5tKKhdFRiwbmiwY,Yanny,78,68,15,12,16,13,12,10,3.540540541,2.777777778,4.222222222,2.333333333,3.714285714,4.666666667,3.055555556,82,25,1,4,4,0,4,4,5,2,0,1,21,boston
244,R_5tRKKtuTTyV7gNb,Laurel,102,83,18,16,19,15,15,19,3.378378378,4.666666667,2.666666667,1.833333333,2,5.666666667,2.555555556,138,16,2,2,3,0,1,3,1,2,0,2,15,boston
245,R_5V7lryLMGEU7Cyr,Yanny,87,75,12,19,16,17,11,12,4.27027027,3.444444444,5.888888889,3,3.571428571,5.166666667,3.555555556,103,18,3,0,4,0,4,2,1,2,0,2,14,boston
246,R_5VDLSFYsqyuBfu9,Laurel,61,56,16,4,12,14,10,5,2.810810811,2.111111111,3.666666667,1.833333333,2.142857143,4.333333333,2.111111111,55,24,2,1,4,0,6,1,6,2,1,1,18,boston
247,R_5WMhwyDt4ChzcO6,Laurel,91,76,17,13,19,14,13,15,4.351351351,3.555555556,5.888888889,1.833333333,4.571428571,5.5,3.777777778,120,11,1,0,2,0,2,2,1,2,0,1,9,boston
248,R_5X7r12zO9u2mY6F,Yanny,93,86,15,19,19,19,14,7,3.783783784,5.111111111,4.222222222,1,2.714285714,5.166666667,2.777777778,67,18,3,0,3,0,1,4,2,3,1,1,17,boston
249,R_5X9l5znULbNONwt,Yanny,81,67,11,16,14,16,10,14,4.567567568,3.777777778,5.555555556,4.5,3.428571429,5.666666667,4.444444444,89,26,1,3,6,1,5,1,4,3,0,2,21,boston
250,R_5Y5pTb9oNCzHq4w,Laurel,86,74,16,15,17,14,12,12,3.837837838,3.555555556,4.222222222,1.333333333,4.428571429,5.5,3,120,12,2,0,5,0,4,0,0,0,0,1,8,boston
251,R_5yqHQ1jKRtAO9MM,Yanny,108,89,18,18,20,14,19,19,5.189189189,5.111111111,6.444444444,3.833333333,3.571428571,6.666666667,4.611111111,152,4,1,0,1,0,1,0,1,0,0,0,3,boston
252,R_60HulPMwmwNMVXT,Laurel,75,61,12,15,15,9,10,14,2.891891892,2.222222222,4.555555556,1,2,4.333333333,1.5,102,18,0,3,1,0,6,3,2,0,1,1,12,boston
253,R_61ReOKmua6rMu1h,Yanny,83,67,19,12,13,5,18,16,3.675675676,1.666666667,5.222222222,2.833333333,4.142857143,4.666666667,3.666666667,93,17,4,0,2,1,1,2,5,2,0,0,16,boston
254,R_61RUqg6n25k0mXX,Yanny,85,69,15,8,20,12,14,16,3.864864865,4.777777778,4.777777778,1,2.714285714,5.333333333,2.888888889,138,15,1,0,6,0,3,0,2,1,1,1,12,boston
255,R_62WTRkdyLZ2un2I,Laurel,112,94,18,18,20,18,20,18,5.27027027,4.555555556,5.777777778,4.5,6.142857143,5.333333333,5.166666667,150,17,3,4,5,0,2,2,1,0,0,0,15,boston
256,R_63dMWvaxNQ6thTe,Yanny,96,82,13,19,20,16,14,14,5.27027027,3.888888889,6.111111111,5.5,5.428571429,5.666666667,5,130,3,2,0,1,0,0,0,0,0,0,0,3,boston
257,R_64l6vlBPO24Kd2F,Yanny,94,82,16,20,17,12,17,12,5.054054054,3.777777778,6.222222222,5,4.285714286,6.166666667,4.555555556,105,10,2,0,2,0,0,0,2,2,0,1,10,boston
258,R_6anmsSlZiHGzUBc,Yanny,80,64,14,12,17,13,8,16,3.72972973,3.555555556,4.222222222,2.166666667,3.428571429,5.166666667,3.222222222,110,11,1,1,1,0,4,2,0,1,0,1,7,boston
259,R_6dNplrkVK1tDLuu,Yanny,65,58,20,4,16,8,10,7,2.162162162,1.333333333,2.555555556,1,1.857142857,4.333333333,1.611111111,43,17,1,1,3,0,7,1,3,0,0,1,10,boston
260,R_6EAT2rj7ghNPPSF,Laurel,94,76,18,9,20,16,13,18,3.675675676,2.888888889,4.222222222,1,4.571428571,5.666666667,3,130,21,0,2,6,1,3,2,4,2,0,1,18,boston
261,R_6gRULGparNunVO8,Laurel,79,67,16,9,18,15,9,12,3.675675676,3.888888889,5.333333333,1,2.285714286,5.166666667,2.5,102,10,0,0,2,0,3,0,2,2,0,1,7,boston
262,R_6HjJE2L08vCKwox,Yanny,87,78,16,17,16,14,15,9,3.648648649,3.333333333,4.111111111,1.666666667,4.428571429,4.5,2.888888889,71,10,0,2,3,1,0,0,2,2,0,0,10,boston
263,R_6hnz9IP0Ck5xslY,Yanny,108,91,19,19,20,15,18,17,4.918918919,4.222222222,5.777777778,4.166666667,4.285714286,6.166666667,4.277777778,143,8,0,1,1,1,3,0,0,2,0,0,5,boston
264,R_6mDwOCxgaJOrMmV,Laurel,96,88,20,20,20,12,16,8,3.945945946,4.777777778,5.666666667,1,3.142857143,4,2.666666667,122,17,0,2,2,1,4,2,4,2,0,0,13,boston
265,R_6PNxlgvAdpw9TG9,Yanny,96,83,17,20,17,16,13,13,3.675675676,3.333333333,4.777777778,1.166666667,3.285714286,5.5,3.111111111,105,13,2,2,2,0,2,1,1,2,0,0,11,boston
266,R_6pVOh1eFlvqTnXV,Laurel,78,63,18,14,15,11,5,15,3.567567568,3.444444444,4.111111111,2,2.714285714,5.5,2.777777778,107,27,1,3,4,1,4,1,8,2,1,1,23,boston
267,R_6QzwKvR7gh5P47n,Yanny,83,75,14,10,20,18,13,8,4.540540541,4.333333333,6.111111111,1,4.857142857,5.666666667,3.777777778,113,16,3,0,4,1,4,0,4,0,0,0,12,boston
268,R_6r2GXHgMBk7iKBP,Yanny,99,86,18,19,17,16,16,13,5.351351351,3.888888889,6.888888889,3.666666667,6,6.166666667,4.944444444,110,11,1,1,2,1,2,1,0,2,0,0,9,boston
269,R_6RJHhog6d04Fp3H,Yanny,110,96,20,19,20,19,18,14,3.972972973,4.111111111,4,3.166666667,4.428571429,4,3.777777778,124,19,1,2,2,0,3,5,3,2,0,1,16,boston
270,R_6Suc4RekJVF7CDB,Yanny,100,83,20,16,17,15,15,17,5.216216216,4.111111111,6.555555556,3,5.571428571,6.666666667,4.444444444,137,4,0,0,0,0,3,0,1,0,0,0,1,boston
271,R_6t8Ua9nKU5Lt56P,Yanny,105,85,19,18,20,10,18,20,5.189189189,4.444444444,6.111111111,3.333333333,5.285714286,6.666666667,4.666666667,148,22,0,1,5,1,3,6,2,2,1,1,19,boston
272,R_6ZOKcmh84yJG9Dj,Yanny,93,82,19,15,18,15,15,11,4.378378378,4.555555556,5.666666667,1.833333333,3.428571429,5.833333333,3.222222222,107,6,0,0,1,0,3,1,0,0,0,0,3,boston
273,R_70MXVHFbvRRTMXq,Yanny,100,86,17,19,20,16,14,14,4.702702703,4.222222222,6,3.166666667,4.142857143,5.666666667,4.277777778,117,9,0,1,0,0,1,0,5,2,0,0,8,boston
274,R_70r9tTVOPcBcCmn,Yanny,78,71,13,18,16,10,14,7,3.864864865,2.111111111,6.777777778,1.166666667,3.857142857,4.833333333,2.888888889,61,24,3,1,7,0,3,2,4,2,0,1,21,boston
275,R_72lVzVPtI9GcpZU,Yanny,89,73,18,12,18,11,14,16,4.405405405,2.111111111,6,3.5,5.571428571,5,3.944444444,120,11,1,2,2,0,1,0,2,2,0,1,10,boston
276,R_72nj4YVnv355gKG,Laurel,93,77,18,16,18,12,13,16,3.432432432,1.777777778,5.333333333,1,3.142857143,5.833333333,2.333333333,131,22,2,1,6,0,4,3,1,3,1,1,18,boston
277,R_73CI0ErEe3BxNxy,Yanny,79,69,18,8,16,10,17,10,5.594594595,3.888888889,6.666666667,5.833333333,5.571428571,6.333333333,5.111111111,88,13,2,1,4,0,1,0,2,2,0,1,12,boston
278,R_73WgzIjQpX4mXho,Laurel,109,93,20,20,17,17,19,16,5.216216216,5,6.222222222,3.666666667,4.571428571,6.333333333,4.666666667,126,8,1,1,3,0,2,0,0,0,0,1,6,boston
279,R_779bljciiMTjjq1,Yanny,102,85,19,17,18,17,14,17,4.216216216,4.666666667,5.333333333,1.333333333,3.142857143,6,3,128,11,0,0,4,0,2,0,1,3,0,1,9,boston
280,R_7aItqfBwXDKbYBP,Laurel,97,77,19,12,18,12,16,20,4.594594595,4.444444444,4.888888889,2.333333333,6.142857143,4.833333333,4.333333333,138,24,1,1,4,1,6,3,4,2,1,0,18,boston
281,R_7B4CBvWrquoxavv,Yanny,79,67,12,12,17,14,12,12,3.405405405,3,4.666666667,1.833333333,2.714285714,4.5,2.388888889,97,20,2,1,5,0,2,2,4,2,0,1,18,boston
282,R_7BWWFO7Ucj3IrUX,Yanny,101,84,18,16,19,18,13,17,4.675675676,4.888888889,4.888888889,3,4.857142857,5.5,4.277777778,123,16,0,1,3,0,2,2,4,3,0,0,14,boston
283,R_7C9Bu9tgaxR9L5j,Yanny,98,84,19,20,18,10,17,14,3.945945946,3,5,1.166666667,3.857142857,6.666666667,3.166666667,141,16,1,1,3,1,3,1,5,0,0,1,13,boston
284,R_7CCoGJRhaNeaCnK,Yanny,75,65,14,14,12,13,12,10,3.648648649,3.555555556,3.777777778,4.333333333,3.714285714,2.833333333,3.722222222,89,25,3,2,7,0,3,2,3,2,0,2,22,boston
285,R_7CG72fqLDAhnQHL,Yanny,99,82,19,12,20,16,15,17,5.72972973,5.222222222,6.333333333,6.833333333,3.857142857,6.666666667,5.5,146,19,1,1,3,0,4,2,4,3,0,1,15,boston
286,R_7dGuKwIjHfKYiE4,Yanny,98,79,14,13,18,18,16,19,4.594594595,4.333333333,4.777777778,1.833333333,5.714285714,6.166666667,4.111111111,148,12,2,1,2,0,0,3,2,1,0,0,12,boston
287,R_7E4pZa9IKKV6QPD,Laurel,80,71,8,16,16,13,18,9,4.27027027,5.111111111,4.888888889,2.166666667,4.142857143,4.333333333,3.888888889,87,22,2,1,2,0,5,3,5,3,0,1,17,boston
288,R_7EhtPiqVjZjuuBe,Yanny,79,74,12,11,19,15,17,5,4.567567568,4.555555556,6,2.5,3.142857143,6.166666667,3.555555556,88,4,1,0,0,0,2,0,1,0,0,0,2,boston
289,R_7fzEKM4lugSKD85,Yanny,118,98,20,20,20,18,20,20,6.324324324,6.111111111,6.666666667,4.833333333,6.857142857,7,6.222222222,168,1,0,0,0,0,0,0,0,0,0,1,1,boston
290,R_7gMhRekXIW2B6hj,Laurel,100,89,18,16,20,16,19,11,5.864864865,4.111111111,6.777777778,4.833333333,7,6.833333333,5.833333333,113,7,1,0,2,1,3,0,0,0,0,0,4,boston
291,R_7HS95mkcmGSNm9p,Yanny,116,97,20,18,20,19,20,19,5.783783784,5.777777778,6.333333333,4.833333333,5.142857143,6.666666667,5.444444444,152,5,1,0,2,0,0,1,0,0,0,1,5,boston
292,R_7ILunRVPq8EhjlD,Laurel,88,78,14,20,16,16,12,10,3.297297297,1.666666667,6,2,2.285714286,4.166666667,2.333333333,84,21,1,0,6,1,4,3,3,2,0,1,17,boston
293,R_7ipRgHWTzyZBZS7,Laurel,117,97,20,19,20,19,19,20,5.378378378,5.555555556,6.333333333,2.5,5,7,4.777777778,158,2,0,1,1,0,0,0,0,0,0,0,2,boston
294,R_7iXtjcTlKTvh6BG,Laurel,90,75,14,14,17,17,13,15,3.351351351,3.444444444,4.444444444,1,3.142857143,4.166666667,2.388888889,105,12,1,0,3,0,0,3,2,2,0,1,12,boston
295,R_7j9BLyklOtWecR8,Laurel,85,76,15,14,18,14,15,9,4.72972973,4.222222222,5.111111111,4.666666667,4.571428571,5.166666667,4.333333333,85,15,2,1,3,0,5,0,1,1,1,0,10,boston
296,R_7jgNl84UnbE8WB3,Yanny,59,53,7,14,16,9,7,6,2.594594595,1.444444444,4.333333333,2,1.428571429,3.666666667,1.555555556,51,19,3,3,3,1,5,1,1,0,0,1,14,boston
297,R_7JIxbxZvT6rflNw,Yanny,94,86,18,17,20,17,14,8,3.513513514,2.888888889,5.666666667,3,1.428571429,4.166666667,2.5,54,16,1,2,4,1,3,2,1,1,0,1,13,boston
298,R_7JnxQiA1Phk7sVr,Laurel,99,82,20,18,16,13,15,17,5.378378378,4.222222222,6.444444444,3.5,5.857142857,6.833333333,4.833333333,154,2,0,0,0,0,1,0,1,0,0,0,1,boston
299,R_7jUno4heZjxdBkC,Laurel,106,86,20,12,20,18,16,20,3.918918919,4.888888889,4.444444444,1,2.285714286,6.5,2.5,160,1,0,0,0,0,0,0,1,0,0,0,1,boston
300,R_7JV2T8Gr26FBPoo,Laurel,85,74,14,15,16,14,15,11,3.702702703,3.444444444,4.222222222,2.833333333,3.571428571,4.333333333,3.444444444,106,8,1,0,3,0,2,0,1,1,0,0,6,boston
301,R_7JXfsV1KD91UbSR,Laurel,97,81,20,13,18,15,15,16,4.702702703,3.666666667,6,3.333333333,4.142857143,6.333333333,4.166666667,120,16,1,1,5,0,2,1,3,3,0,0,14,boston
302,R_7ktc7pjrPzhpK1K,Laurel,113,96,19,20,20,18,19,17,4.621621622,4.888888889,4.777777778,3,4.571428571,5.666666667,4.111111111,147,7,0,1,0,0,1,1,4,0,0,0,6,boston
303,R_7ktfMyh1iyw7OHD,Laurel,78,67,13,9,17,16,12,11,2.945945946,3,4.888888889,1,1.428571429,3.666666667,2.111111111,96,19,1,0,4,1,5,1,6,1,0,0,14,boston
304,R_7l0jeNb0anUIu5j,Yanny,120,100,20,20,20,20,20,20,6.459459459,6.777777778,7,5.5,5.714285714,7,6.5,164,5,1,0,1,0,1,0,1,1,0,0,4,boston
305,R_7L8g2oj5TzCqbvK,Yanny,83,71,10,12,20,14,15,12,4.27027027,4.666666667,4.666666667,2.5,5.428571429,3.5,4.5,104,15,2,1,3,0,4,0,3,1,0,0,11,boston
306,R_7LG356IGP641njK,Yanny,113,96,20,19,20,17,20,17,6.540540541,6,7,6.333333333,6.571428571,6.833333333,6.444444444,141,0,0,0,0,0,0,0,0,0,0,0,0,boston
307,R_7LuK8v0T8VrJnzN,Yanny,99,85,18,16,19,16,16,14,4.162162162,3.444444444,5.333333333,2,4.285714286,5.5,3.388888889,122,7,1,0,5,0,1,0,0,0,0,0,6,boston
308,R_7Ms5vaklVc1SSMb,Laurel,92,77,17,16,15,14,15,15,3.783783784,4.333333333,4.111111111,1.666666667,4.285714286,4,3.5,130,29,3,4,5,1,4,3,4,3,1,0,25,boston
309,R_7msjDIwdyrgA1jd,Yanny,78,72,17,16,14,12,13,6,2.891891892,2.444444444,3.222222222,3,2.428571429,3.5,2.444444444,54,7,1,0,1,1,0,1,1,2,0,0,7,boston
310,R_7nVfU2MMXXYP4s5,Laurel,85,75,15,15,15,16,14,10,3.324324324,3.333333333,4.444444444,1.5,2.857142857,4,2.611111111,91,20,0,1,5,1,4,3,1,3,0,2,16,boston
311,R_7oOdjfXAlVe7yBX,Laurel,83,65,15,10,19,11,10,18,3.567567568,3.222222222,5,1,2.428571429,5.833333333,2.388888889,112,33,4,2,7,1,8,2,5,2,0,1,25,boston
312,R_7OrjcGsMNS0uIkz,Laurel,96,81,14,20,19,17,11,15,3.945945946,3.888888889,5.222222222,1,3.571428571,5.5,3.111111111,123,23,1,0,6,0,5,5,1,3,0,1,18,boston
313,R_7p0yAzCgMi2hbRD,Laurel,65,60,16,8,15,14,7,5,2.864864865,2.888888889,3.222222222,1.333333333,2.428571429,4.333333333,2.055555556,48,21,3,2,3,1,3,1,6,2,0,0,18,boston
314,R_7q3fGTZMjY8TYVa,Laurel,109,97,20,19,20,19,19,12,6.351351351,6.222222222,6.888888889,5.5,6,7,5.888888889,128,9,2,1,2,0,2,1,0,1,0,0,7,boston
315,R_7Q5vjS8zj4uFInC,Yanny,110,93,20,19,20,17,17,17,5.027027027,5.333333333,5.111111111,4.166666667,5,5.333333333,4.777777778,151,8,0,1,1,0,0,0,3,2,0,0,8,boston
316,R_7qKx8ovrWA5TtVz,Laurel,89,74,13,12,18,17,14,15,4.837837838,4,6,3.666666667,4.571428571,5.833333333,4.111111111,114,14,2,0,5,0,2,1,2,1,0,1,12,boston
317,R_7r51BRVeaPksfQJ,Yanny,70,62,19,13,9,7,14,8,4.027027027,1.555555556,6.777777778,2.833333333,4.285714286,4.5,3.5,73,9,1,0,1,0,2,0,2,2,0,0,7,boston
318,R_7RiSFwLEHsjfOfv,Laurel,95,78,17,15,16,16,14,17,3.648648649,3.333333333,4.666666667,1,3.142857143,5.833333333,2.388888889,126,0,0,0,0,0,0,0,0,0,0,0,0,boston
319,R_7rMK0nyvgb6OYUu,Yanny,78,67,11,19,16,10,11,11,3.891891892,3.444444444,5,3,3.571428571,4.166666667,3.222222222,97,14,1,1,2,0,3,3,1,2,0,1,11,boston
320,R_7rOsFhZMPeCSZSN,Yanny,62,54,16,11,10,8,9,8,2.621621622,1.888888889,3.777777778,1.333333333,2.714285714,3.166666667,2.111111111,69,18,1,1,1,0,5,5,3,2,0,0,13,boston
321,R_7ruGrXHUyTLWCBn,Yanny,112,93,20,20,20,14,19,19,5.918918919,4.333333333,6.888888889,5.666666667,6.285714286,6.666666667,6.055555556,146,4,2,0,1,0,0,0,0,0,0,0,4,boston
322,R_7S3RXu8n0Q5s2t3,Laurel,107,90,18,20,18,18,16,17,3.513513514,3.777777778,4.333333333,1,2.571428571,5.5,2.388888889,133,14,1,0,1,0,3,2,4,2,0,0,11,boston
323,R_7S564V2mUUjnzuV,Laurel,99,82,20,18,20,13,11,17,3.540540541,2.777777778,5.111111111,1,3,5.5,2.444444444,142,10,0,0,0,0,2,0,5,1,0,1,8,boston
324,R_7TLhMvhbrpuRpIt,Yanny,75,66,17,20,20,4,5,9,2.567567568,1.444444444,3.222222222,2.166666667,3.285714286,2.833333333,2.222222222,81,23,3,3,5,0,3,0,4,2,1,1,20,boston
325,R_7UoqWi0FT6bzwAN,Yanny,105,90,20,16,20,18,16,15,4.108108108,4,5.555555556,1.5,4,4.833333333,3.166666667,131,11,3,2,1,0,2,1,1,0,0,1,9,boston
326,R_7uTWORMdj6F6y6t,Yanny,92,82,18,15,18,17,14,10,3.162162162,3.111111111,3.666666667,2.333333333,3.142857143,3.333333333,3,92,18,4,1,2,0,5,1,2,1,1,0,13,boston
327,R_7VsnHioTrdzuLg5,Yanny,105,94,20,18,20,20,16,11,5,4.222222222,5.777777778,3.833333333,4.571428571,6.666666667,4.5,100,12,4,2,2,0,2,1,0,1,0,0,10,boston
328,R_7Wk6ieq2nizs9Dr,Yanny,106,87,18,18,18,18,15,19,4.27027027,4.666666667,4.666666667,1.666666667,3.571428571,6.5,3.555555556,141,15,2,3,2,0,1,2,2,1,1,0,14,boston
329,R_7yjb1XUjYjOvhoG,Yanny,89,75,16,13,16,13,17,14,4.081081081,4.444444444,4.222222222,1.833333333,4.714285714,4.833333333,3.722222222,120,13,1,1,3,0,3,2,1,0,0,1,10,boston
330,R_7ZCah7a97Nvv7RF,Yanny,94,78,16,16,18,13,15,16,4.081081081,3.666666667,4.888888889,1.833333333,4.428571429,5.333333333,3.555555556,124,4,1,2,1,0,0,0,0,0,0,0,4,boston
331,R_85AG4m0XRIRx1gl,Yanny,114,96,20,16,20,20,20,18,5.702702703,6,6.111111111,2.666666667,6.857142857,6.333333333,5.277777778,154,2,0,0,0,0,1,0,1,0,0,0,1,boston
332,R_8akPQeCOvdaB7Ll,Yanny,104,91,18,20,18,17,18,13,5.054054054,3.111111111,6.333333333,4.666666667,5,6.5,4.5,112,8,1,0,1,0,1,1,2,1,0,0,7,boston
333,R_8CJIMXzksPjK99u,Yanny,27,22,5,4,5,4,4,5,1.108108108,1,1,1,1.428571429,1.166666667,1,35,29,4,1,6,0,9,3,2,1,1,1,20,boston
334,R_8cpjI4ZuCf9NXgP,Yanny,77,61,10,4,20,15,12,16,3.621621622,1.666666667,6,1.666666667,3.142857143,5.5,2.833333333,115,13,1,1,2,0,5,0,3,1,0,0,8,boston
335,R_8DUre4vtGeSd1UJ,Yanny,112,96,20,20,20,19,17,16,5.297297297,5.333333333,6.222222222,2.833333333,5.285714286,6.333333333,4.666666667,142,19,1,0,4,1,4,3,2,2,0,1,15,boston
336,R_8EGYGuIqac9niiq,Laurel,108,90,18,16,20,17,19,18,6.162162162,5.333333333,7,5.333333333,6.142857143,7,6,152,7,1,0,3,0,2,0,1,0,0,0,5,boston
337,R_8EsWYOI3QySk8WM,Yanny,92,86,20,17,19,16,14,6,4.243243243,4.111111111,5.444444444,1.5,3.857142857,5.833333333,3.166666667,89,13,1,1,6,1,3,0,1,0,0,0,10,boston
338,R_8fiNHHHr8UD0DLZ,Yanny,76,70,11,12,18,16,13,6,3.081081081,3,4,1,2.285714286,4.833333333,2,73,24,0,2,5,1,4,1,5,3,1,1,20,boston
339,R_8FldGrXmrYoOErD,Yanny,57,53,14,9,14,6,10,4,2.459459459,1.777777778,3.888888889,1,2.571428571,2.666666667,1.777777778,40,15,0,0,2,0,4,2,5,2,0,0,11,boston
340,R_8MFPtlNWUMdfNvO,Yanny,98,83,16,20,19,14,14,15,4.216216216,4.666666667,4.777777778,1.166666667,4.571428571,5.333333333,4,119,7,0,1,2,0,0,1,1,1,0,0,7,boston
341,R_8oihbNDGhF7bTih,Laurel,67,59,12,15,10,9,13,8,4.405405405,2,6.222222222,4.833333333,5.142857143,4,4.833333333,56,18,1,0,2,0,3,3,6,2,0,1,15,boston
342,R_8pY6V1hoZKcqFee,Yanny,100,83,17,18,20,17,11,17,4.432432432,4.666666667,5.666666667,1.5,3.571428571,6.166666667,3.555555556,129,16,2,0,3,0,4,2,2,3,0,0,12,boston
343,11226458,Laurel,95,82,18,17,16,15,16,13,5,4,5.8889,3.8333,5.7143,5.5,4.8889,114,13,1,0,3,0,1,3,2,3,0,1,12,birkbeck
344,11228201,Yanny,85,69,14,13,15,17,10,16,3.7297,3.8889,4.8889,1.1667,2.5714,5.6667,2.5556,112,13,1,0,3,0,3,1,2,2,0,1,10,birkbeck
345,11233406,Yanny,90,78,15,12,20,15,16,12,3.6486,4,4.1111,2.5,2.5714,4.8333,2.8333,133,15,1,2,2,0,4,3,2,1,1,0,11,birkbeck
346,11234568,Yanny,85,77,17,17,18,13,12,8,3.6486,2.7778,4.7778,2.5,3.5714,4.5,2.8333,78,8,1,1,1,0,1,1,1,2,0,0,7,birkbeck
347,11237637,Laurel,77,67,17,19,12,9,10,10,4.2432,2.8889,6.5556,1.1667,5.2857,4.6667,3.5,85,25,4,1,6,0,4,3,2,2,1,2,21,birkbeck
348,11238848,Yanny,85,75,13,18,18,13,13,10,4.4324,3.5556,5.7778,2.1667,5.4286,4.8333,4.1111,103,13,3,1,1,0,3,2,3,0,0,0,10,birkbeck
349,11370012,Yanny,100,83,17,14,18,19,15,17,3.6757,4,3.5556,2.5,2.8571,5.5,3.1667,142,17,1,5,1,0,4,1,1,2,1,0,13,birkbeck
350,11370036,Laurel,88,76,16,12,19,15,14,12,3.1622,2.8889,3.6667,1.6667,3.1429,4.3333,2.3889,98,20,1,1,2,1,5,6,1,1,0,1,15,birkbeck
351,11370048,Yanny,111,92,18,20,20,18,16,19,5.4324,5.7778,5.7778,3.5,5.5714,6.1667,4.7222,162,18,2,3,3,1,4,3,0,1,0,1,14,birkbeck
352,11370055,Yanny,92,79,18,15,17,16,13,13,3.6486,4.7778,4.3333,0.66667,2,5.8333,2.1667,114,18,1,2,5,0,1,2,2,2,1,1,17,birkbeck
353,11370068,Yanny,93,81,15,19,16,15,16,12,3.7297,3.7778,4.6667,2.1667,2.7143,5,2.8333,126,22,1,3,1,0,5,5,3,2,1,0,17,birkbeck
354,11370075,Laurel,79,68,20,13,10,17,8,11,3.7027,4.5556,5.2222,0.66667,1.1429,6.1667,2.1111,88,16,1,0,3,0,4,2,2,2,0,1,12,birkbeck
355,11370079,Laurel,80,70,19,17,15,8,11,10,3.7838,2,4.8889,2.6667,3.2857,6.5,2.9444,96,17,2,1,5,0,4,2,2,0,0,0,13,birkbeck
356,11370094,Laurel,103,87,15,19,19,17,17,16,4.4865,4.6667,5.4444,3,3.5714,5.3333,3.7778,133,7,0,0,2,0,1,1,2,1,0,0,6,birkbeck
357,11370102,Laurel,92,78,18,12,20,13,15,14,4.1892,4.1111,4.5556,3,4.2857,4.8333,3.8889,130,16,2,0,1,0,6,4,2,1,1,0,10,birkbeck
358,11370107,Yanny,98,84,13,18,19,17,17,14,3.7297,4.6667,4.2222,3,2.5714,3.6667,3.4444,103,9,1,0,3,0,3,1,0,0,0,1,6,birkbeck
359,11370478,Laurel,65,58,10,12,13,11,12,7,2.1892,2,3.1111,0.83333,1.7143,3,1.5,64,10,3,1,2,0,2,1,1,0,0,0,8,birkbeck
360,11370458,Laurel,75,62,14,11,16,10,11,13,3.2162,2.6667,4.7778,0.66667,2.5714,5,2.2778,89,18,0,1,5,1,4,2,3,0,1,1,14,birkbeck
361,11370468,Laurel,103,90,20,17,20,16,17,13,4.3514,3.5556,4.8889,3,4.5714,5.8333,3.7222,115,5,3,0,0,1,0,1,0,0,0,0,5,birkbeck
362,11370476,Laurel,108,91,20,20,20,15,16,17,4.8649,5.4444,5.7778,0.66667,4.8571,6.8333,3.8333,144,11,2,3,4,0,0,1,0,0,0,0,11,birkbeck
363,11370461,Laurel,81,67,13,11,17,14,12,14,2.973,3.7778,3.6667,0.66667,2.5714,3.5,2.1667,122,16,0,2,4,0,2,4,2,1,0,1,14,birkbeck
364,11370454,Yanny,91,75,13,16,16,14,16,16,3.027,3.1111,3.1111,1.6667,3.2857,3.8333,2.5,126,8,1,1,3,0,0,2,0,0,0,1,8,birkbeck
365,11370460,Yanny,100,84,16,13,20,17,18,16,3.5946,4.3333,3.8889,0.83333,3.8571,4.5,3,139,18,0,2,1,0,5,4,4,1,0,1,13,birkbeck
366,11370479,Yanny,87,72,17,12,17,13,13,15,3.1622,2.6667,4.2222,0.66667,2.5714,5.5,2.0556,120,16,0,0,3,1,3,2,3,2,0,1,13,birkbeck
367,11370466,Yanny,59,51,16,10,8,7,10,8,2.3243,1.6667,3.3333,0.66667,3,2.6667,2,76,25,2,3,5,0,6,1,7,1,0,0,19,birkbeck
368,11370459,Laurel,76,62,8,15,17,9,13,14,2.7838,2.6667,3.2222,0.66667,2.8571,4.3333,1.8889,106,14,3,1,1,0,4,2,1,1,0,1,10,birkbeck
369,11370475,Laurel,81,67,19,12,11,10,15,14,4.2973,2,6,5.3333,3.7143,4.8333,3.6111,95,17,1,0,7,0,3,2,2,0,0,1,14,birkbeck
370,11370469,Laurel,84,74,17,15,15,14,13,10,3.6486,3.4444,4.7778,1.1667,2.8571,5.6667,2.5,97,10,0,1,4,0,0,1,2,0,0,1,10,birkbeck
371,11370453,Laurel,87,71,13,10,20,17,11,16,3.6757,5.4444,4.8889,1.5,0.71429,4.8333,2.3889,110,17,0,1,8,0,2,3,1,0,0,1,15,birkbeck
372,11370457,Yanny,58,51,14,12,5,8,12,7,3.4054,2,6.3333,3.1667,2,3,2.3333,72,21,2,0,5,0,5,3,3,2,0,1,16,birkbeck
373,11370464,Yanny,102,92,19,18,19,16,20,10,5.6757,4.3333,6.4444,5.5,6.2857,6,5.2222,108,10,0,1,4,0,1,1,3,0,0,0,9,birkbeck
374,11370467,Yanny,80,64,18,6,16,12,12,16,3.1081,2.6667,4,0.66667,2.2857,5.8333,1.8333,113,18,1,2,6,0,3,2,2,1,0,1,15,birkbeck
375,11370450,Laurel,95,80,14,18,19,14,15,15,3.8378,3.3333,4.3333,2,4.4286,5,3.4444,129,25,3,3,3,1,3,7,3,3,0,0,22,birkbeck
376,11370473,Laurel,74,63,12,11,14,12,14,11,2.973,3.3333,3.3333,2.1667,3,2.6667,2.9444,105,26,1,1,4,0,5,5,4,3,1,2,21,birkbeck
377,11370477,Laurel,101,85,20,18,16,15,16,16,4.2162,4.5556,5.5556,1.5,3.2857,5.5,3.1111,134,9,0,2,1,0,1,1,1,2,0,0,8,birkbeck
378,11370470,Yanny,94,81,19,20,17,11,14,13,3.1081,1.8889,3.7778,1.6667,3.5714,4.8333,2.6111,99,25,4,3,1,0,4,3,5,2,1,0,21,birkbeck
379,11370452,Yanny,82,70,14,14,19,13,10,12,3.4054,2.7778,4.8889,1,2.2857,5.8333,2.3333,94,13,0,0,5,0,5,1,2,0,0,0,8,birkbeck
380,11370463,Laurel,80,68,14,10,16,14,14,12,3.1892,2.5556,4.4444,2.8333,1.8571,4.1667,2.5556,106,18,1,4,2,0,6,2,3,0,0,0,12,birkbeck
381,11370483,Laurel,69,61,11,6,19,14,11,8,2.8919,3.6667,4,0.66667,1,4.5,1.6667,59,16,1,1,3,0,5,1,2,0,0,1,11,birkbeck
382,11370495,Yanny,102,88,20,15,20,13,20,14,4.7568,3.3333,6,4.5,4.8571,5.1667,4.4444,112,19,1,3,4,1,3,3,2,3,0,0,16,birkbeck
383,11370549,Laurel,85,71,16,14,15,12,14,14,3.3514,3.7778,3.3333,1.6667,3.7143,4,2.9444,108,14,2,0,1,1,4,4,1,1,0,0,10,birkbeck
384,11370500,Laurel,102,82,19,18,17,12,16,20,2.4054,2,2,0.83333,3,4.5,1.9444,146,9,1,1,2,0,0,2,3,1,0,0,9,birkbeck
385,11370518,Laurel,87,76,19,20,16,7,14,11,2.973,1.8889,4.2222,0.83333,3,4.8333,2,91,10,1,0,4,0,0,2,0,2,0,1,10,birkbeck
386,11370532,Yanny,101,86,18,20,16,14,18,15,4.8919,3.1111,5.8889,4.3333,5.7143,5.6667,4.4444,122,15,2,2,3,1,3,1,1,2,0,0,12,birkbeck
387,11370551,Yanny,95,79,16,16,17,17,13,16,3.7027,3.8889,4.2222,1.1667,3.7143,5.1667,2.8333,123,12,2,1,1,1,2,3,1,1,0,0,10,birkbeck
388,11370482,Laurel,81,67,8,16,20,16,7,14,4.5405,4,6,2.5,4.4286,5.3333,4.3333,97,26,2,3,5,0,7,3,2,2,1,1,19,birkbeck
389,11370511,Yanny,84,69,14,17,17,13,8,15,3.1892,3,4.1111,0.66667,2.8571,5,1.9444,99,19,3,2,4,1,3,2,2,0,0,1,16,birkbeck
390,11370523,Yanny,97,81,15,20,18,14,14,16,3.7297,2.8889,5.1111,1,4,5.3333,2.4444,115,11,1,0,3,0,3,1,0,2,0,1,8,birkbeck
391,11370535,Yanny,104,87,19,18,20,15,15,17,3.7838,4.5556,4.3333,0.83333,2.7143,6,2.4444,128,6,1,0,1,1,1,1,0,0,0,1,5,birkbeck
392,11370526,Yanny,76,66,17,17,14,5,13,10,2.4324,1.2222,3.4444,1.5,2.1429,4,1.6667,84,13,3,1,4,0,1,1,1,2,0,0,12,birkbeck
393,11370508,Yanny,79,65,11,9,16,19,10,14,4.6757,5.4444,5.5556,3.3333,3.4286,5,4.3333,106,34,3,0,8,0,8,3,6,2,1,1,26,birkbeck
394,11370509,Yanny,70,60,18,8,13,9,12,10,2.2703,1.3333,2.4444,0.66667,3,4.1667,1.5,53,20,2,1,3,0,4,3,3,2,0,1,16,birkbeck
395,11370554,Laurel,83,72,17,13,16,13,13,11,3.8649,2.6667,4.7778,4.1667,3.7143,4.1667,3.3889,88,15,1,1,8,0,0,1,1,2,0,1,15,birkbeck
396,11370512,Laurel,85,74,14,16,16,13,15,11,2.9189,3,3.5556,1.3333,1.7143,4.8333,1.7778,89,15,0,1,4,0,6,1,2,0,0,1,9,birkbeck
397,11370484,Yanny,97,83,18,17,20,17,11,14,3.5946,3.1111,4.6667,0.83333,4,5,2.5556,116,18,3,0,2,1,4,3,2,2,1,0,14,birkbeck
398,11370485,Laurel,98,87,14,18,19,18,18,11,4.5405,4.4444,5,3.8333,3.5714,5.8333,4.0556,114,10,1,0,5,0,0,1,0,1,0,1,10,birkbeck
399,11370514,Yanny,78,70,15,15,14,11,15,8,3.1081,2.1111,5.1111,0.66667,3.1429,4,2.3889,68,12,1,0,4,0,2,1,0,1,0,2,10,birkbeck
400,11370494,Yanny,103,88,19,20,20,12,17,15,3.9189,3.3333,5.3333,1.1667,3.5714,5.8333,3.1111,116,14,3,3,2,1,1,1,1,2,0,0,13,birkbeck
401,11370481,Laurel,114,97,20,18,20,20,19,17,4.027,5.1111,4.8889,1.1667,2.2857,6,2.5556,123,10,1,1,3,0,2,1,1,0,0,1,8,birkbeck
402,11370519,Laurel,62,55,7,12,17,10,9,7,1.9189,2.3333,2.7778,0.66667,1.5714,1.6667,1.2222,56,39,3,6,7,1,6,7,4,2,0,2,33,birkbeck
403,11370552,Yanny,98,86,20,20,15,15,16,12,4.4865,3.4444,5.7778,2.1667,4.1429,6.8333,3.3889,122,11,0,0,2,0,3,3,1,1,0,1,8,birkbeck
404,11370517,Yanny,92,74,18,16,20,11,9,18,2.7027,2.4444,3.4444,0.66667,1.5714,5.3333,1.5,106,16,1,0,4,0,4,2,2,0,0,1,12,birkbeck
405,11370488,Yanny,71,64,12,18,11,8,15,7,2.6216,2.2222,2.7778,1.5,2,4.8333,1.7778,89,19,0,1,4,1,6,1,2,2,0,0,13,birkbeck
406,11370507,Yanny,90,84,14,16,20,15,19,6,4.5405,4.1111,5.3333,3.5,5,4.5,3.7778,75,8,0,1,1,0,3,1,2,0,0,0,5,birkbeck
407,11370487,Yanny,89,74,13,16,17,14,14,15,3.5676,3.4444,2.8889,3.8333,4.1429,3.8333,3.2222,111,27,2,3,5,1,5,4,3,0,1,2,22,birkbeck
408,11370486,Laurel,95,81,15,16,17,17,16,14,4.7297,4.5556,5.8889,2.1667,4.5714,6,3.7778,122,9,2,1,0,0,2,2,1,0,0,1,7,birkbeck
409,11370561,Yanny,74,66,15,10,15,10,16,8,4.3514,2.2222,6.3333,2,4.8571,6.3333,3.7222,87,7,1,0,1,0,1,1,2,1,0,0,6,birkbeck
410,11370492,Yanny,100,82,14,19,20,14,15,18,4.3514,5,5.4444,1,3.5714,6,3.3333,146,9,0,0,3,1,2,2,1,0,0,0,7,birkbeck
411,11370493,Laurel,97,82,18,15,19,17,13,15,3.9459,4.4444,4.4444,1.5,3,6,2.8333,129,18,0,1,3,1,1,5,4,2,0,1,17,birkbeck
412,11370559,Yanny,98,84,20,18,17,14,15,14,3.7297,2.8889,5.7778,0.66667,2.5714,6.3333,2.4444,118,7,1,0,1,0,3,1,1,0,0,0,4,birkbeck
413,11370489,Laurel,109,90,16,16,20,19,19,19,5.9189,6.3333,6.1111,5,5.2857,6.6667,4.8333,160,9,2,1,0,0,3,2,0,0,0,1,6,birkbeck
414,11370510,Laurel,84,73,14,13,19,15,12,11,3,3.8889,3,0.66667,2.5714,4.5,2.1667,85,15,1,0,5,1,3,1,0,2,0,1,12,birkbeck
415,11370491,Laurel,97,81,14,17,18,16,16,16,4.7297,4.8889,4.5556,4.3333,5,4.8333,4.0556,132,14,0,1,0,0,5,4,2,2,1,0,9,birkbeck
416,11370525,Laurel,113,95,20,19,19,19,18,18,5.2973,5.6667,6.1111,3.3333,4.8571,6,4.5556,156,11,1,0,1,0,3,3,2,0,0,1,8,birkbeck
417,11370530,Laurel,92,75,14,17,20,14,10,17,4.0541,4,4.1111,3.3333,4.5714,4.1667,4,140,28,1,3,6,1,6,5,2,1,1,0,22,birkbeck
418,11370528,Laurel,97,90,18,18,19,16,19,7,3.4865,3.3333,3.1111,2.1667,5,3.8333,3.3333,80,16,2,2,3,1,2,3,1,2,0,0,14,birkbeck
419,11370536,Laurel,77,67,14,11,12,14,16,10,3.4865,3.5556,3.5556,2.8333,3.2857,4.1667,3.2778,93,11,0,1,1,0,4,3,1,0,0,1,7,birkbeck
420,11370497,Yanny,98,88,17,17,20,15,19,10,3.973,3.4444,5,0.66667,3.7143,6.8333,2.6111,95,6,0,1,1,0,3,1,0,0,0,0,3,birkbeck
421,11370502,Laurel,98,84,15,14,20,18,17,14,4.2162,4.5556,4.1111,3.8333,4.1429,4.3333,3.4444,130,25,2,2,3,0,4,6,3,3,1,1,21,birkbeck
422,11370504,Laurel,107,90,16,18,20,17,19,17,4.5946,5.2222,4.7778,3,4.4286,5.1667,4.2778,151,17,3,1,2,0,4,4,1,1,0,1,13,birkbeck
423,11370566,Yanny,92,77,17,15,15,12,18,15,4.3784,3.2222,5.6667,3.6667,3.7143,5.6667,3.6111,117,10,1,3,1,0,1,2,0,1,0,1,9,birkbeck
424,11370579,Yanny,108,92,18,19,20,16,19,16,4.6757,4.6667,5.1111,2,5,6.3333,4.1111,143,7,1,0,2,0,2,1,0,1,0,0,5,birkbeck
425,11370582,Yanny,112,92,20,14,20,18,20,20,5.1351,6.1111,4.6667,3.8333,5,5.8333,4.2222,170,27,2,4,3,0,6,5,2,2,1,0,21,birkbeck
426,11370643,Laurel,103,89,20,13,18,20,18,14,5.973,5.7778,6.3333,4.8333,6,6.8333,5.6667,140,10,2,0,1,0,2,4,0,1,0,0,8,birkbeck
427,11370604,Laurel,88,73,13,12,17,15,16,15,4.5405,4.2222,6,2.3333,3.2857,6.5,3.5,126,10,0,0,4,1,2,1,1,1,0,0,8,birkbeck
428,11370569,Yanny,101,84,17,17,20,15,15,17,4.027,4,5.8889,0.66667,3.1429,5.6667,2.7222,129,6,0,0,1,0,1,2,0,2,0,0,5,birkbeck
429,11370596,Laurel,83,70,13,13,19,13,12,13,3.6757,3.1111,4.4444,2.3333,3.1429,5.3333,2.7778,107,23,1,2,4,1,6,3,2,2,0,1,17,birkbeck
430,11370587,Laurel,101,87,15,17,20,16,19,14,5.4324,4.8889,6.3333,4.8333,4.7143,6.3333,4.8333,118,17,1,0,2,0,3,4,4,2,0,1,14,birkbeck
431,11370572,Laurel,68,59,16,10,12,10,11,9,2.973,2.2222,3.5556,3.3333,1.1429,5,1.8333,81,13,2,0,4,0,3,1,2,0,0,0,10,birkbeck
432,11370833,Laurel,85,70,16,15,17,11,11,15,3.7297,1.8889,5.3333,2.1667,4.7143,4.5,3.0556,93,13,0,1,3,0,2,1,4,0,0,1,11,birkbeck
433,11370816,Yanny,93,79,18,17,13,15,16,14,4.0811,4.3333,4.8889,2.5,3.5714,4.6667,3.4444,108,19,0,1,2,0,3,5,4,3,1,0,16,birkbeck
434,11370824,Laurel,98,81,20,10,19,17,15,17,4.8378,4.7778,5.5556,4.3333,3,6.5,3.9444,124,10,2,0,2,0,2,1,3,0,0,0,8,birkbeck
435,11371087,Laurel,117,100,20,20,20,20,20,17,5.3784,6.5556,5.5556,3.1667,4.2857,6.8333,4.3333,143,13,3,1,5,1,0,2,0,1,0,0,13,birkbeck
436,11371217,Laurel,80,73,17,18,15,11,12,7,3.027,1.5556,5,0.66667,2,5.8333,1.6111,56,15,1,2,3,0,4,3,1,0,0,1,11,birkbeck
437,11370577,Yanny,83,74,12,17,17,13,15,9,3.1351,2.7778,3.8889,2.8333,3,3,2.6667,69,15,2,3,1,0,2,3,3,0,1,0,13,birkbeck
438,11363818,Yanny,75,68,11,17,13,14,13,7,3.8378,4.1111,3.4444,4,3.7143,4,3.4444,70,15,0,1,7,1,2,2,0,0,0,1,13,birkbeck
439,11363855,Laurel,86,78,17,14,16,14,17,8,4.2973,3.6667,5.8889,3.3333,2.7143,5.6667,3.3889,70,12,0,2,4,0,3,1,0,1,0,1,9,birkbeck
440,11363878,Yanny,95,78,16,12,19,16,15,17,3.5135,2.8889,4.3333,1.8333,3,5.5,2.4444,123,20,0,1,6,0,3,1,5,2,0,1,17,birkbeck
441,11363889,Yanny,94,78,19,11,16,15,17,16,5.2432,4.4444,6.3333,5.6667,3.5714,6.3333,4.6111,119,7,0,0,1,0,0,3,1,3,0,0,7,birkbeck
442,11363898,Yanny,101,89,20,17,17,16,19,12,4.8378,4,6.1111,3.3333,4.1429,6.5,4.0556,115,10,3,1,0,0,0,2,2,0,0,1,10,birkbeck
443,11363909,Yanny,51,45,5,12,14,9,5,6,1.2703,1.2222,2.3333,0.66667,0.71429,1,0.72222,45,26,1,2,7,0,5,5,3,1,0,1,21,birkbeck
444,11363922,Yanny,87,75,12,15,17,15,16,12,2.973,3.5556,4.3333,1.3333,1.8571,3,2.1667,86,10,1,1,3,0,1,2,0,0,0,0,9,birkbeck
445,11363965,Yanny,112,92,20,20,20,13,19,20,5.3243,4.6667,6.2222,4.6667,4.7143,6.3333,4.8333,153,8,3,1,1,0,1,2,0,0,0,0,7,birkbeck
446,11363972,Laurel,103,84,15,18,20,15,16,19,3.6757,4.3333,3.6667,0.83333,3.5714,5.6667,2.6667,131,11,4,0,5,0,1,1,0,0,0,0,10,birkbeck
447,11364750,Laurel,86,73,15,13,16,15,14,13,3.5946,4.1111,4.3333,1.5,3,4.5,2.7222,102,8,0,0,4,0,1,1,0,1,0,1,7,birkbeck